id,make_brand,model,size
1,Airman,HM07S,180x36x72
2,Airman,"AX 08",180x37x72
3,Airman,"AX 08-2",180x37x72
4,Airman,"AX 10u",180x40x72
5,Airman,"HM 10 72",230x42x72
6,Airman,"HM 10G",230x42x72
7,Airman,"HM 10SG",230x42x72
8,Airman,"HM 15 72",230x42x72
9,Airman,"HM 15S",230x42x72
10,Airman,"AX 12",230x31x96
11,Airman,"AX 15",230x31x96
12,Airman,"AX 15-2",230x31x96
13,Airman,"AXC 12",230x31x96
14,Airman,"AXC 15",230x31x96
15,Airman,AX16,230x33x96
16,Airman,"AX 16-2",230x33x96
17,Airman,"HM 1096",230x33x96
18,Airman,"HM 15 96",230x33x96
19,Airman,AX20UR,250x78x52.5
20,Airman,"AX 25",300x76x52.5N
21,Airman,"AX 25-1",300x76x52.5N
22,Airman,"AX 25-2",300x76x52.5N
23,Airman,AX30UR-2,300x76x52.5N
24,Airman,"AX 35-1",300x84x52.5N
25,Airman,"AX 40",400x72x72.5W
26,Airman,"AX 40-2",400x72x72.5W
27,Airman,"AX 40u",400x72x72.5W
28,Airman,"AX 45",400x72x72.5W
29,Airman,"AX 45-2",400x72x72.5W
30,Airman,"AX 50u",400x72x72.5W
31,Airman,"HM 45",400x72x72.5W
32,Airman,"HM 45-2",400x72x72.5W
33,Airman,"HM 50",400x72x72.5W
34,Airman,"AX 58",400x74x72.5W
35,Aichi,DM10,230x43x72
36,Aichi,RV040,200x42x72
37,Aichi,RV041,200x42x72
38,Aichi,RV051,230x48x72
39,Aichi,RV04A,200x49x72
40,Aichi,RV042,230x50x72
41,Aichi,RV060,230x56x72
42,Aichi,RV061,230x56x72
43,Aichi,FR300,300x84x52.5N
44,Aichi,FR300,320x82x54W
45,AllTrack,AT800,600x80x100
46,Astec,DD6,400x74x72.5W
47,Astec,DD8,400x74x72.5W
48,Astec,DD2024,280x56x72
49,Astec,DD3238,300x92x52.5N
50,Astec,DD9014,450x92x71
51,Atlas,100,180x41x72
52,Atlas,100B,180x41x72
53,Atlas,CT,180x41x72
54,Atlas,CT100,180x41x72
55,Atlas,404-2,230x33x96
56,Atlas,804,320x43x100
57,Atlas,804R,320x43x100
58,ASV+Terex,RT30,280x37x101.6SNX
59,ASV+Terex,RC30,280x37x101.6SNX
60,ASV+Terex,PT30,280x37x101.6SNX
61,ASV+Terex,PT50,381x42x100.5TNS
62,ASV+Terex,PT60,381x42x100.5TNS
63,ASV+Terex,RC50,381x42x100.5TNS
64,ASV+Terex,RC60,381x42x100.5TNS
65,ASV+Terex,ST50,381x42x101.6
66,ASV+Terex,VT70,381x42x100.5TNS
67,ASV+Terex,SR70,381x51x100.5TNS
68,ASV+Terex,VT65,320x53x86
69,ASV+Terex,RC85,457x50x101.6TNS
70,ASV+Terex,RC100,457x50x101.6TNS
71,ASV+Terex,PT85,457x50x101.6TNS
72,ASV+Terex,PT100,457x50x101.6TNS
73,ASV+Terex,PT50,457x50x101.6TPS
74,ASV+Terex,PT70,457x50x101.6TPS
75,ASV+Terex,RT120,457x51x101TCS
76,ASV+Terex,2800,457x56x102
77,ASV+Terex,2810,457x56x102
78,ASV+Terex,4500,457x56x102
79,ASV+Terex,4520,457x56x102
80,ASV+Terex,4810,457x56x102
81,Bandit,19XP,400x76x72.5W
82,Bandit,3200,300x84x52.5W
83,Bandit,ZT1844,180x35x60
84,Bandit,1900T,230x56x72
85,Bobcat,MT50,180x39x72
86,Bobcat,MT55,180x39x72
87,Bobcat,MT85,180x45x72
88,Bobcat,MT100,180x45x72
89,Bobcat,T110,250x52x72
90,Bobcat,T140,"300x46x84 (6682177)"
91,Bobcat,T450,300x46x84
92,Bobcat,T550,320x49x86
93,Bobcat,T570,400x49x86
94,Bobcat,T590,320x49x86
95,Bobcat,T595,320x49x86
96,Bobcat,T180,"320x49x86 (6680161)"
97,Bobcat,T180H,320x49x86
98,Bobcat,T190,320x49x86
99,Bobcat,T190H,320x49x86
100,Bobcat,T200,320x52x86
101,Bobcat,T630,320x52x86
102,Bobcat,T650,320x52x86
103,Bobcat,"S130 (VTS)",320x50x86
104,Bobcat,"S150 (VTS)",320x52x86
105,Bobcat,"S160 (VTS)",320x52x86
106,Bobcat,"S175 (VTS)",320x52x86
107,Bobcat,"S185 (VTS)",320x52x86
108,Bobcat,"S205 (VTS)",320x52x86
109,Bobcat,"S220 (VTS)",450x60x86
110,Bobcat,T66,400x50x86
111,Bobcat,T250,400x55x86
112,Bobcat,T250H,400x55x86
113,Bobcat,T300,400x55x86
114,Bobcat,T300H,400x55x86
115,Bobcat,T320,400x55x86
116,Bobcat,T740,450x55x86
117,Bobcat,T750,400x55x86
118,Bobcat,T760,450x55x86N
119,Bobcat,T770,400x55x86
120,Bobcat,T830,450x58x86
121,Bobcat,T870,450x59x84
122,Bobcat,"863 (VTS)",450x56x86
123,Bobcat,864,"320x52x86 (6680149)"
124,Bobcat,864H,"320x52x86 (6680149)"
125,Bobcat,"873 (VTS)",450x60x86
126,Bobcat,"883 (VTS)",450x60x86
127,Bobcat,316,180x38x72
128,Bobcat,X316,180x38x72
129,Bobcat,418,180x39x72
130,Bobcat,418A,180x39x72
131,Bobcat,E08,180x39x72
132,Bobcat,E10,180x39x72
133,Bobcat,E10e,180x39x72
134,Bobcat,E10Z,180x39x72
135,Bobcat,X418,180x39x72
136,Bobcat,E14,200x41x72
137,Bobcat,319,200x41x72
138,Bobcat,X119,230x43x72
139,Bobcat,x120,230x43x72
140,Bobcat,X122,230x43x72
141,Bobcat,Y12,230x43x72
142,Bobcat,X320,230x45x72
143,Bobcat,X320,250x45x72
144,Bobcat,X322,250x45x72
145,Bobcat,320,230x45x72
146,Bobcat,X220,250x45x72
147,Bobcat,X123,250x47x72
148,Bobcat,X320D,230x33x96
149,Bobcat,X320E,230x33x96
150,Bobcat,220,230x33x96
151,Bobcat,320L,230x33x96
152,Bobcat,321,230x33x96
153,Bobcat,322,230x33x96
154,Bobcat,322G,230x33x96
155,Bobcat,323,230x33x96
156,Bobcat,324,230x33x96
157,Bobcat,X322D,230x33x96
158,Bobcat,X322E,230x33x96
159,Bobcat,X322G,230x33x96
160,Bobcat,X323,230x33x96
161,Bobcat,X324,230x33x96
162,Bobcat,E16,230x66x48
163,Bobcat,E17,230x66x48
164,Bobcat,E17Z,230x66x48
165,Bobcat,E19,230x66x48
166,Bobcat,E20,230x72x48
167,Bobcat,E20Z,230x72x48
168,Bobcat,E25,250x76x52.5
169,Bobcat,"X225(Check Size)",300x74x52.5N
170,Bobcat,E26,300x80x52.5N
171,Bobcat,E27,300x80x52.5
172,Bobcat,E27Z,300x80x52.5
173,Bobcat,E32,320x80x52.5
174,Bobcat,E32C,320x80x52.5
175,Bobcat,E34,300x80x52.5
176,Bobcat,"E35 (I-Guiding)",300x84x52.5N
177,Bobcat,"E35 (J-Guiding)",300x84x52.5N
178,Bobcat,E35C,300x84x52.5N
179,Bobcat,E35I,300x84x52.5N
180,Bobcat,E35M,300x84x52.5N
181,Bobcat,E35Z,300x84x52.5N
182,Bobcat,325,320x74x52.5
183,Bobcat,328,320x74x52.5
184,Bobcat,328G,320x74x52.5
185,Bobcat,329,320x80x52.5
186,Bobcat,331,320x80x52.5N
187,Bobcat,331D,320x80x52.5N
188,Bobcat,331E,320x80x52.5N
189,Bobcat,331G,320x80x52.5
190,Bobcat,334,320x80x52.5N
191,Bobcat,334D,320x80x52.5
192,Bobcat,425,320x80x52.5N
193,Bobcat,428,320x80x52.5
194,Bobcat,X329,320x80x52.5
195,Bobcat,X425,320x80x52.5N
196,Bobcat,X430,300x92x52.5N
197,Bobcat,X430,320x90x54
198,Bobcat,X325,320x72x54
199,Bobcat,X328,320x72x54
200,Bobcat,X328E,320x72x54
201,Bobcat,X231,320x78x54
202,Bobcat,X331,320x78x54
203,Bobcat,X331E,320x78x54
204,Bobcat,X334,320x78x54
205,Bobcat,X334G,320x78x54
206,Bobcat,335,320x88x55N
207,Bobcat,430D,320x88x55N
208,Bobcat,430G,320x88x55N
209,Bobcat,430ZHS,320x88x55N
210,Bobcat,430ZTS,320x88x55N
211,Bobcat,X125,320x38x100
212,Bobcat,56,320x40x100
213,Bobcat,"76(Check Size)",320x40x100
214,Bobcat,"X225(Check Size)",320x40x100
215,Bobcat,"76(Check Size)",320x42x100
216,Bobcat,E41,350x88x55
217,Bobcat,E42,350x88x55
218,Bobcat,E45,400x74x72.5W
219,Bobcat,E50,400x74x72.5W
220,Bobcat,E55,400x74x72.5W
221,Bobcat,X337,400x74x72.5W
222,Bobcat,E60,400x76x72.5W
223,Bobcat,E62,400x76x72.5W
224,Bobcat,E63,400x76x72.5W
225,Bobcat,337,400x74x73
226,Bobcat,337G,400x74x73
227,Bobcat,341,400x74x73
228,Bobcat,341D,400x74x73
229,Bobcat,341G,400x74x73
230,Bobcat,435,400x74x73
231,Bobcat,X341,400x74x73
232,Bobcat,X435,400x74x73
233,Bobcat,X335,400x35x146
234,Bobcat,442,450x86x71
235,Bobcat,X422,450x86x71
236,Bobcat,X442,450x86x71
237,Bobcat,X442B,450x86x71
238,Bobcat,X442ZTS,450x86x71
239,Bobcat,ZX75,450x86x71
240,Bobcat,E80,450x76x81W
241,Bobcat,E85,450x76x81W
242,Bobcat,444,500x78x92
243,Bobcat,X444,500x78x92
244,Bobcat,ZX125,500x78x92
245,Bobcat,X864,450x52x86
246,Boxer,118,180x36x72
247,Boxer,"BRUTE TRX",230x39x72
248,Boxer,600HD,180x39x72
249,Boxer,700HDX,230x39x72
250,Boxer,TTL224,180x34x72
251,Boxer,TL224,180x36x72
252,Boxer,224,230x36x72
253,Boxer,225,230x36x72
254,Boxer,320,180x36x72
255,Boxer,322,180x36x72
256,Boxer,322D,180x36x72
257,Boxer,532DX,230x39x72
258,Boxer,400,230x39x72
259,Boxer,427,230x39x72
260,Boxer,TTL427,230x39x72
261,Boxer,TL427,230x39x72
262,Boxer,526DX,230x39x72
263,Boxer,530DX,230x39x72
264,Boxer,530X,230x39x72
265,Boxer,532DX,230x39x72
266,Brokk,Model,"Track Size"
267,Brokk,40,130x29x72
268,Brokk,MINICUT,130x29x72
269,Brokk,90,180x36x72
270,Brokk,100,180x36x72
271,Brokk,110,180x36x72
272,Brokk,BM110,180x36x72
273,Brokk,160,180x42x72
274,Brokk,180,180x42x72
275,Brokk,K330,230x82x48
276,Brokk,150,180x36x72
277,Brokk,BM150,180x36x72
278,Brokk,BM150C,180x36x72
279,Brokk,BM150P,180x36x72
280,Canycom,BFK808,230x42x72
281,Canycom,BFY901,230x42x72
282,Canycom,CC800,230x42x72
283,Canycom,CC300,230x43x72
284,Canycom,CC800,250x44x72
285,Canycom,GC640,250x44x72
286,Canycom,GC640R,250x44x72
287,Canycom,S25A,320x58x90
288,Canycom,SC-75,200x42x72
289,Canycom,S100BPD,230x48x72
290,Case,420CT,320x50x86
291,Case,TR270,320x50x86
292,Case,"1845C (VTS)",320x52x86
293,Case,"40XT (VTS)",320x54x86
294,Case,"410 (VTS)",320x54x86
295,Case,"420 (VTS)",320x54x86
296,Case,"70XT (VTS)",320x54x86
297,Case,"430 (VTS)",320x54x86
298,Case,"440 (VTS)",320x54x86
299,Case,"60XT (VTS)",320x54x86
300,Case,440CT,400x50x86
301,Case,M400T,400x50x86
302,Case,TR310,400x50x86
303,Case,445CT,400x55x86
304,Case,450CT,400x55x86
305,Case,TR320,450x55x86
306,Case,TR340,450x55x86
307,Case,TV370,450x55x86
308,Case,TV380,450x55x86
309,Case,TV450B,450x55x86
310,Case,"435 (VTS)",450x58x86
311,Case,"445 (VTS)",450x58x86
312,Case,"450 (VTS)",450x58x86
313,Case,"75XT (VTS)",450x58x86
314,Case,"85XT (VTS)",450x58x86
315,Case,"90XT (VTS)",450x58x86
316,Case,"465 (VTS)",450x60x86
317,Case,"95XT (VTS)",450x60x86
318,Case,CK08,180x36x72
319,Case,CK15,230x30x96
320,Case,CK13,200x30x96
321,Case,LX92,230x30x96
322,Case,15,230x31x96
323,Case,"15 Maxi",230x31x96
324,Case,16,230x31x96
325,Case,"16 Maxi",230x31x96
326,Case,"16 RTN",230x31x96
327,Case,"17 RTN Maxi",230x31x96
328,Case,CK16,230x31x96
329,Case,CX15,230x31x96
330,Case,CX14,230x70x48
331,Case,CX14ZTS,230x70x48
332,Case,CX15STC,230x70x48
333,Case,CX15STR,230x70x48
334,Case,CX16B,230x70x48
335,Case,CX16SVC,230x70x48
336,Case,CX16SVR,230x70x48
337,Case,"CX17B ZTS",230x70x48
338,Case,CX17C,230x70x48
339,Case,CX18B,230x70x48
340,Case,CX18C,230x70x48
341,Case,TF300,250x39x72
342,Case,TF300RT,250x39x72
343,Case,CK23,260x35x109
344,Case,CX20B,250x76x52.5
345,Case,CX20BMR,250x76x52.5
346,Case,CX22B,250x76x52.5
347,Case,CX22BMC,250x76x52.5
348,Case,CX22BZTS,250x76x52.5
349,Case,CX25,250x76x52.5
350,Case,CX26B,250x76x52.5
351,Case,CX26BZTS,250x76x52.5
352,Case,CX27B,250x80x52.5
353,Case,CX27BMC,250x80x52.5
354,Case,CX27BMR,250x80x52.5
355,Case,CX27BZTS,250x80x52.5
356,Case,CX30B,250x80x52.5
357,Case,CX26C,250x78x52.5
358,Case,CX23,250x35x109
359,Case,23,250x35x109
360,Case,"23 Maxi",250x35x109
361,Case,28,300x38x109W
362,Case,"28 Maxi",300x38x109
363,Case,"CK28 (1997)",300x38x109W
364,Case,CX28,300x38x109
365,Case,CK31,300x40x109W
366,Case,"CX31B (Check Size)",300x82x52.5W
367,Case,CX31BMC,300x82x52.5W
368,Case,CX31BMR,300x82x52.5W
369,Case,CX35,300x82x52.5W
370,Case,CX35B,300x82x52.5W
371,Case,31,300x40x109
372,Case,"31 Maxi",300x40x109
373,Case,CX31,300x40x109
374,Case,CK36,300x41x109
375,Case,CK25,300x35x109
376,Case,CK28,300x35x109N
377,Case,"CX31B (Check Size)",300x88x52.5N
378,Case,CX36V,300x88x52.5N
379,Case,CX36B,300x88x52.5N
380,Case,CX36BMC,300x88x52.5N
381,Case,CX36BMR,300x88x52.5N
382,Case,CX36BZTS,300x88x52.5N
383,Case,CX39B,300x88x52.5N
384,Case,CX30C,300x80x52.5
385,Case,CX33C,300x86x52.5
386,Case,CX36,300x88x52.5
387,Case,CX37C,300x86x52.5
388,Case,35,350x42x108
389,Case,"35 Maxi",350x42x108
390,Case,"35 STB",350x42x108
391,Case,CK35,350x42x108
392,Case,CK38,350x84x56
393,Case,CX40B,400x68x74
394,Case,CX40BMC,400x68x74
395,Case,CX40BMR,400x68x74
396,Case,CX45B,400x68x74
397,Case,50,400x72x72.5N
398,Case,"50 Maxi",400x72x72.5N
399,Case,"50 RTB",400x72x72.5N
400,Case,CK50,400x72x73
401,Case,CK52,400x72x72.5N
402,Case,CX47,400x72x74
403,Case,CX50,400x72x74
404,Case,CX50B,400x72x74
405,Case,CX50BMC,400x72x74
406,Case,CX50BMR,400x72x74
407,Case,CX50BZTS,400x72x74
408,Case,CX57C,400x76x73
409,Case,CX60C,400x76x73
410,Case,CX55B,400x74x72.5
411,Case,CK62,450x72x81W
412,Case,CK62,400x40x135
413,Case,CK82,450x72x81W
414,Case,CX75SR,450x76x81
415,Case,CX80,450x76x81
416,Case,CX80C,450x76x81
417,Case,CX90D,450x76x81.5
418,CAT,239D,320x49x86
419,CAT,249D,320x49x86
420,CAT,"216 (VTS)",320x52x86
421,CAT,"226 (VTS)",320x52x86
422,CAT,"228 (VTS)",320x52x86
423,CAT,247B,381x42x101.6
424,CAT,257B,381x42x101.6
425,CAT,259,320x53x86
426,CAT,259B,320x53x86
427,CAT,259B3,320x53x86
428,CAT,259C,320x53x86
429,CAT,259D,320x53x86
430,CAT,"232 (VTS)",320x54x86
431,CAT,"242 (VTS)",320x54x86
432,CAT,"236 (VTS)",320x56x86
433,CAT,"246 (VTS)",320x56x86
434,CAT,"248 (VTS)",320x56x86
435,CAT,279C2,400x56x86
436,CAT,279D,400x56x86
437,CAT,289C,400x56x86
438,CAT,289C2,400x56x86
439,CAT,289D,400x56x86
440,CAT,299C2,450x56x86
441,CAT,"252 (VTS)",450x59x86
442,CAT,"262 (VTS)",450x59x86
443,CAT,"262B (VTS)",450x59x86
444,CAT,"256C (VTS)",450x60x86
445,CAT,"246C (VTS)",450x60x86
446,CAT,"262C (VTS)",450x60x86
447,CAT,269C,400x60x86
448,CAT,279C,400x60x86
449,CAT,289C,400x60x86
450,CAT,299C,400x60x86
451,CAT,299D,400x60x86
452,CAT,"299D XHP",400x60x86
453,CAT,299D2,400x60x86
454,CAT,"299D2 XHP",400x60x86
455,CAT,299D3,450x60x86
456,CAT,"272C (VTS)",450x63x86
457,CAT,ME08,180x36x72
458,CAT,ME08B,180x36x72
459,CAT,MM08B,180x36x72
460,CAT,300.9D,180x37x72
461,CAT,MS010,250x45x72
462,CAT,301.5,230x62x48
463,CAT,301.6,230x66x48
464,CAT,301.8,230x66x48
465,CAT,301.5CR,230x70x48
466,CAT,301.6C,230x70x48
467,CAT,301.8C,230x70x48
468,CAT,301.7CR,230x70x48K
469,CAT,301.8CR,230x70x48K
470,CAT,302CR,250x82x48K
471,CAT,MM15,230x31x96
472,CAT,MM15-7,230x31x96
473,CAT,MM15T,230x31x96
474,CAT,ME15,230x33x96
475,CAT,MH15,230x33x96
476,CAT,MM15,230x33x96
477,CAT,301.4C,230x33x96
478,CAT,301.7D,230x36x96
479,CAT,301.7DCR,230x36x96
480,CAT,302.4D,230x37x96
481,CAT,302.2D,250x38x96
482,CAT,302CR,250x82x48
483,CAT,MM20,260x74x52.5
484,CAT,MM20CR,260x74x52.5
485,CAT,MM20SR,260x74x52.5
486,CAT,MM20T,260x74x52.5
487,CAT,MMCR,260x74x52.5W
488,CAT,"MM25 (72L)",300x72x52.5W
489,CAT,"MM25 (76L)",300x76x52.5W
490,CAT,302.5,300x78x52.5W
491,CAT,302.5C,300x74x55W
492,CAT,MM25T,300x78x52.5W
493,CAT,MM30,300x80x52.5W
494,CAT,MM30B,300x80x52.5W
495,CAT,MM30CR,300x80x52.5W
496,CAT,MM30CR-2,300x80x52.5W
497,CAT,MM30SR,300x80x52.5W
498,CAT,MM30T,300x80x52.5W
499,CAT,302.7DCR,300x82x52.5W
500,CAT,303.5,300x84x52.5W
501,CAT,303CR,300x84x52.5W
502,CAT,303ECR,300x84x52.5W
503,CAT,MM35B,300x84x52.5W
504,CAT,MM35T,300x84x52.5W
505,CAT,MX35,300x84x52.5W
506,CAT,303.5CCR,300x90x52.5W
507,CAT,303.5DCR,300x90x52.5W
508,CAT,303.5E2CR,300x90x52.5W
509,CAT,303.5ECR,300x90x52.5W
510,CAT,303CCR,300x90x52.5W
511,CAT,303CR(2007),300x90x52.5W
512,CAT,ME30,300x80x52.5N
513,CAT,ME30B,300x80x52.5N
514,CAT,ME30T,300x80x52.5N
515,CAT,ME35,300x80x52.5N
516,CAT,ME20,300x36x109
517,CAT,ME25,300x36x109
518,CAT,MX35,300x39x100
519,CAT,"MS020 (Old)",320x38x100
520,CAT,"MS020 (New)",320x40x100
521,CAT,MXR30,320x40x100
522,CAT,NS020,320x40x100
523,CAT,MS030,320x43x100
524,CAT,MS035,320x43x100
525,CAT,MX30SR,320x43x100
526,CAT,MX35R,320x43x100
527,CAT,NS030,320x43x100
528,CAT,NS035,320x43x100
529,CAT,304.5E2XTC,350x90x52.5
530,CAT,304DCR,350x90x52.5
531,CAT,304E2CR,350x90x52.5
532,CAT,304ECR,350x90x52.5
533,CAT,304C,400x72x72.5W
534,CAT,305CR,400x72x72.5W
535,CAT,304.5,400x72x73W
536,CAT,304CR,400x72x73W
537,CAT,MM40B,400x72x73W
538,CAT,MM40CR,400x72x73W
539,CAT,MM40CR-2,400x72x73W
540,CAT,MM40SR,400x72x73W
541,CAT,MM55SR,400x72x73W
542,CAT,MM55SR-2,400x72x73W
543,CAT,MM57SR,400x72x73W
544,CAT,MM40T,400x36x146
545,CAT,MM45,400x36x146
546,CAT,MM45B,400x36x146
547,CAT,MM45T,400x36x146
548,CAT,304CCR,400x76x72.5W
549,CAT,305.5DCR,400x76x72.5W
550,CAT,305.5E2CR,400x76x72.5W
551,CAT,305.5ECR,400x76x72.5W
552,CAT,305CCR,400x76x72.5W
553,CAT,305DCR,400x76x72.5W
554,CAT,305E2CR,400x76x72.5W
555,CAT,305ECR,400x76x72.5W
556,CAT,305CR,400x80x72.5W
557,CAT,MX45,400x70x73N
558,CAT,ME40,400x35x146
559,CAT,ME40R,400x35x146
560,CAT,ME45,400x35x146
561,CAT,307,450x82x71
562,CAT,"307A (E70B)",450x82x71
563,CAT,307B,450x82x71
564,CAT,307C,450x82x71
565,CAT,307CAC,450x82x71
566,CAT,307CCC,450x82x71
567,CAT,307CSB,450x82x71
568,CAT,307SSR,450x82x71
569,CAT,E70,450x82x71
570,CAT,E70B,450x82x71
571,CAT,307HD,450x84x71
572,CAT,308,450x86x71
573,CAT,308BSR,450x86x71
574,CAT,308CCR,450x78x81N
575,CAT,308CSR,450x78x81N
576,CAT,308DCRSB,450x78x81N
577,CAT,308E2CR,450x78x81N
578,CAT,308ECRSB,450x78x81N
579,CAT,311B,500x78x92
580,CAT,311BSR,500x78x92
581,CAT,311C,500x78x92
582,CAT,E110B,500x78x92
583,C&F,T85,180x35x72
584,C&F,T150SW,230x49x72
585,Gehl-Manitou,RD8H,180x37x72
586,Gehl-Manitou,GX35,400x72x72.5W
587,Gehl-Manitou,CTL55,320x46x86
588,Gehl-Manitou,CTL60,320x52x86
589,Gehl-Manitou,CTL65,320x52x86
590,Gehl-Manitou,"CTL70 (VTS)",450x48x100
591,Gehl-Manitou,"CTL75 (VTS)",450x48x100
592,Gehl-Manitou,"CTL80 (VTS)",450x50x100
593,Gehl-Manitou,"CTL85 (VTS)",450x50x100
594,Gehl-Manitou,RT165,320x49x86
595,Gehl-Manitou,"RT175, RT185",320x54x86
596,Gehl-Manitou,RT210,450x56x86
597,Gehl-Manitou,RT215,450x56x86
598,Gehl-Manitou,2100RT,450x56x86
599,Gehl-Manitou,RT250,450x58x86
600,Gehl-Manitou,RT255,450x58x86
601,Gehl-Manitou,VT320,450x58x86
602,Gehl-Manitou,CTL85,450x50x100
603,Gehl-Manitou,Z35,300x84x55NK
604,Gehl-Manitou,Z80,"450x74x83.5 Offset"
605,Gehl-Manitou,GE502,400x74x72.5W
606,Gehl-Manitou,GE602,400x74x72.5W
607,Gehl-Manitou,GE503Z,400x74x72.5W
608,Gehl-Manitou,GE802,450x84x71
609,Gehl-Manitou,GE142,230x33x96
610,Gehl-Manitou,GE152,230x33x96
611,Gehl-Manitou,GE192,230x36x96
612,Gehl-Manitou,GE222,230x36x96
613,Gehl-Manitou,GE272,300x72x54
614,Gehl-Manitou,GE292,300x72x54
615,Gehl-Manitou,GE342,320x78x54
616,Gehl-Manitou,GE362,320x78x54
617,Gehl-Manitou,RT105,250x52x72
618,Gehl-Manitou,RT135,300x46x84
619,Gehl-Manitou,153,230x72x48
620,Gehl-Manitou,253,300x76x52.5W
621,Gehl-Manitou,303,300x78x52.5W
622,Gehl-Manitou,363,300x80x52.5W
623,Gehl-Manitou,353,300x84x52.5W
624,Gehl-Manitou,373,300x84x52.5W
625,Gehl-Manitou,502,400x74x72.5W
626,Gehl-Manitou,503Z,400x74x72.5W
627,Gehl-Manitou,603,400x74x72.5W
628,Gehl-Manitou,4640,320x52x86
629,Gehl-Manitou,7600,450x63x86
630,Gehl-Manitou,7610,450x63x86
631,Gehl-Manitou,7800,450x63x86
632,Gehl-Manitou,7810,450x36x86
633,Gehl-Manitou,"GEHLMAX MB1355",320x40x100
634,Gehl-Manitou,"GEHLMAX MD245",320x40x100
635,Hitachi,EX7,180x36x72
636,Hitachi,EX08,180x37x72
637,Hitachi,EX8-1,180x37x72
638,Hitachi,EX8-2,180x37x72
639,Hitachi,EX8-2B,180x37x72
640,Hitachi,ZX8-2,180x37x72
641,Hitachi,EX8,180x37x72
642,Hitachi,EX8-1,180x37x72
643,Hitachi,EX8-2,180x37x72
644,Hitachi,EX8-2B,180x37x72
645,Hitachi,EX10U,180x40x72
646,Hitachi,EX10UX,180x40x72
647,Hitachi,ZX10U,180x41x72
648,Hitachi,ZX10U-2,180x41x72
649,Hitachi,EX15SR,200x42x72
650,Hitachi,HE10,230x42x72
651,Hitachi,"EX12 (Old)",230x42x72
652,Hitachi,EX14,230x42x72
653,Hitachi,EX14SR,230x42x72
654,Hitachi,HE10,230x42x72
655,Hitachi,ME15S,230x42x72
656,Hitachi,UE004,230x42x72
657,Hitachi,UE10,230x42x72
658,Hitachi,UE12,230x42x72
659,Hitachi,"UE15 (42L)",230x42x72
660,Hitachi,"UE15 (43L)",230x43x72
661,Hitachi,"UE15SR (42L)",230x42x73
662,Hitachi,"UE15SR (43L)",230x43x73
663,Hitachi,EX12-1,230x31x96
664,Hitachi,EX12-2,230x31x96
665,Hitachi,EX15,230x31x96
666,Hitachi,EX15-1,230x31x96
667,Hitachi,EX15-2,230x31x96
668,Hitachi,EX15U,230x31x96
669,Hitachi,EX16,230x31x96
670,Hitachi,"EX12 (NEW)",230x31x96
671,Hitachi,SH15-2,230x31x96
672,Hitachi,ZX14-3,230x31x96
673,Hitachi,EX16-2,230x33x96
674,Hitachi,EX17,230x33x96
675,Hitachi,EX17-2,230x33x96
676,Hitachi,EX17-2B,230x33x96
677,Hitachi,HE15,230x33x96
678,Hitachi,HE15,230x33x96
679,Hitachi,16,230x33x96
680,Hitachi,18,230x33x96
681,Hitachi,ME15,230x33x96
682,Hitachi,ZX16,230x33x96
683,Hitachi,ZX16YLR,230x33x96
684,Hitachi,ZX18,230x33x96
685,Hitachi,"Zaxis 16",230x33x96
686,Hitachi,"Zaxis 18",230x33x96
687,Hitachi,EX15UR,230x35x96
688,Hitachi,EX17U,230x35x96
689,Hitachi,ZX17U-2YLR,230x35x96
690,Hitachi,EX20U,250x41x96
691,Hitachi,EX20U-1,250x41x96
692,Hitachi,ZX16-3,230x66x48
693,Hitachi,ZX17U-2,230x70x48
694,Hitachi,ZX17U-5,230x70x48
695,Hitachi,ZX18-3,230x70x48
696,Hitachi,ZX19U-5,230x70x48
697,Hitachi,25,250x73x52.5N
698,Hitachi,EX18-2,250x73x52.5N
699,Hitachi,EX20-2,250x73x52.5N
700,Hitachi,EX21,250x73x52.5N
701,Hitachi,EX22,250x73x52.5N
702,Hitachi,EX22-1,250x73x52.5N
703,Hitachi,EX22-2,250x73x52.5N
704,Hitachi,ZX25,250x73x52.5N
705,Hitachi,ZX25CLR,250x73x52.5N
706,Hitachi,EX20U-3,250x76x52.5N
707,Hitachi,EX20UR,250x76x52.5N
708,Hitachi,EX20UR-1,250x76x52.5N
709,Hitachi,EX20UR-3,250x77x52.5N
710,Hitachi,ZX22U,250x77x52.5N
711,Hitachi,ZX22U-2,250x77x52.5N
712,Hitachi,EX24U,300x76x52.5N
713,Hitachi,"EX30UR (76L)",300x76x52.5N
714,Hitachi,EX25-2,300x77x52.5N
715,Hitachi,EX25U,300x78x52.5N
716,Hitachi,EX27U,300x78x52.5N
717,Hitachi,EX29U,300x78x52.5N
718,Hitachi,EX29UR,300x78x52.5N
719,Hitachi,ZX27U,300x78x52.5N
720,Hitachi,ZX26U-5,300x80x52.5N
721,Hitachi,ZX27U-2,300x80x52.5N
722,Hitachi,ZX27U-3,300x80x52.5N
723,Hitachi,ZX29U,300x80x52.5N
724,Hitachi,30,300x82x52.5N
725,Hitachi,35,300x82x52.5N
726,Hitachi,ZX30,300x82x52.5N
727,Hitachi,ZX35,300x82x52.5N
728,Hitachi,EX30UR-3,300x82x52.5N
729,Hitachi,EX32U,300x82x52.5N
730,Hitachi,EX33Mu,300x82x52.5N
731,Hitachi,EX35-2,300x82x52.5N
732,Hitachi,EX36U,300x82x52.5N
733,Hitachi,EX30-2,300x82x52.5N
734,Hitachi,"EX30UR (82L)",300x82x52.5N
735,Hitachi,"EX30(Check Size)",300x82x52.5N
736,Hitachi,UE30,300x84x52.5
737,Hitachi,30U,300x86x52.5N
738,Hitachi,35U,300x86x52.5N
739,Hitachi,ZX30U,300x86x52.5N
740,Hitachi,ZX30U-2,300x86x52.5N
741,Hitachi,ZX30U-3F,300x86x52.5N
742,Hitachi,ZX33U,300x86x52.5N
743,Hitachi,ZX33U-3,300x86x52.5N
744,Hitachi,ZX33U-5,300x86x52.5N
745,Hitachi,ZX35U-2,300x86x52.5N
746,Hitachi,ZX35U-3,300x86x52.5N
747,Hitachi,ZX35U-5,300x86x52.5N
748,Hitachi,ZX38U,300x86x52.5N
749,Hitachi,ZX38U-3,300x86x52.5N
750,Hitachi,ZX38U-5,300x86x52.5N
751,Hitachi,EX35U,300x86x52.5N
752,Hitachi,EX25,300x74x55N
753,Hitachi,EX25-1,300x74x55N
754,Hitachi,EX30UR-1,300x74x55N
755,Hitachi,EX30UR-2,300x74x55N
756,Hitachi,"EX30(Check Size)",300x80x55
757,Hitachi,EX30-1,300x80x55N
758,Hitachi,EX30U,300x80x55
759,Hitachi,EX33U,300x80x55
760,Hitachi,EX33U-3,300x80x55
761,Hitachi,SH30-2,300x80x55N
762,Hitachi,EX35,300x82x55N
763,Hitachi,EX35-1,300x82x55
764,Hitachi,EX40UR,300x82x55N
765,Hitachi,EX40UR-1,300x82x55N
766,Hitachi,EX40UR-2,300x82x55N
767,Hitachi,EX40URG,300x82x55N
768,Hitachi,"UE20 (Check Size)",320x38x100
769,Hitachi,HM20,320x38x100
770,Hitachi,HM25,320x40x100
771,Hitachi,UE25,320x40x100
772,Hitachi,UE30,320x44x100
773,Hitachi,"UE20 (Check Size)",300x35x109
774,Hitachi,EX24,300x35x109
775,Hitachi,EX26,300x37x109
776,Hitachi,EX27,300x37x109
777,Hitachi,EX33,300x41x109
778,Hitachi,UE35,300x42x109
779,Hitachi,UE40,350x42x109
780,Hitachi,40,400x72x72.5W
781,Hitachi,40U,400x72x72.5W
782,Hitachi,50,400x72x72.5W
783,Hitachi,50U,400x72x72.5W
784,Hitachi,50U-2,400x72x72.5W
785,Hitachi,55U,400x72x72.5W
786,Hitachi,EX40,400x72x72.5W
787,Hitachi,EX40-2,400x72x72.5W
788,Hitachi,EX40U,400x72x72.5W
789,Hitachi,EX45,400x72x72.5W
790,Hitachi,EX45-2,400x72x72.5W
791,Hitachi,EX50-1,400x37x142
792,Hitachi,EX50-2,400x72x72.5W
793,Hitachi,EX50U,400x72x72.5W
794,Hitachi,EX50UR,400x72x72.5W
795,Hitachi,EX50UR-2,400x72x72.5W
796,Hitachi,EX50URG,400x72x72.5W
797,Hitachi,"EX55 (Check Size)",400x72x72.5W
798,Hitachi,EX55UR,400x72x72.5W
799,Hitachi,EX55UR-2,400x72x72.5W
800,Hitachi,EX55UR-3,400x72x72.5W
801,Hitachi,EX55URG,400x37x142
802,Hitachi,SH40-2,400x72x72.5W
803,Hitachi,SH45-2,400x72x72.5W
804,Hitachi,UE45,400x72x72.5W
805,Hitachi,UE50,400x72x72.5W
806,Hitachi,ZX40,400x72x72.5W
807,Hitachi,ZX40U,400x72x72.5W
808,Hitachi,ZX50,400x72x72.5W
809,Hitachi,ZX50U,400x72x72.5W
810,Hitachi,ZX55U,400x72x72.5W
811,Hitachi,EX58,400x74x72.5W
812,Hitachi,EX58Mu,400x74x72.5W
813,Hitachi,ZX40U-2,400x74x72.5W
814,Hitachi,ZX40U-3,400x74x72.5W
815,Hitachi,ZX50U-5,400x74x72.5W
816,Hitachi,ZX55U-5,400x74x72.5W
817,Hitachi,ZX60U-3,400x74x72.5W
818,Hitachi,ZX60U-5,400x74x72.5W
819,Hitachi,ZX60USB,400x74x72.5W
820,Hitachi,ZX60USB-3,400x74x72.5W
821,Hitachi,ZX65U-5,400x74x72.5W
822,Hitachi,"EX55 (Check Size)",400x39x142
823,Hitachi,ZX48U-3,400x74x72.5N
824,Hitachi,ZX48U-5,400x74x72.5N
825,Hitachi,ZX50U,400x74x72.5N
826,Hitachi,ZX50U-2,400x74x72.5N
827,Hitachi,ZX50U-3,400x74x72.5N
828,Hitachi,ZX50U-5,400x74x72.5N
829,Hitachi,ZX52U,400x74x72.5N
830,Hitachi,70,450x78x81N
831,Hitachi,80,450x78x81N
832,Hitachi,85,450x78x81N
833,Hitachi,EX60LC,450x78x81N
834,Hitachi,EX60LC-5,450x78x81N
835,Hitachi,EX70U,450x78x81N
836,Hitachi,"EX75UR-3 (Check Size)",450x78x81N
837,Hitachi,EX75UR-5,450x78x81N
838,Hitachi,EX75US,450x78x81N
839,Hitachi,EX75US-7,450x78x81N
840,Hitachi,ZX70LC,450x78x81N
841,Hitachi,ZX80LC,450x78x81N
842,Hitachi,ZX85,450x78x81N
843,Hitachi,ZX85US,450x78x81N
844,Hitachi,ZX85US-3,450x78x81N
845,Hitachi,ZX85US-5A,450x78x81N
846,Hitachi,EX60URG,450x72x81W
847,Hitachi,EX60-2,450x72x81W
848,Hitachi,EX60-3A,450x72x81W
849,Hitachi,EX60LC-2,450x76x81W
850,Hitachi,EX60URG-2,450x76x81W
851,Hitachi,EX75-2,450x76x81W
852,Hitachi,EX75UR,450x76x81W
853,Hitachi,EX75UR-2,450x76x81W
854,Hitachi,"EX75UR-3 (Check Size)",450x76x81W
855,Hitachi,EX60,450x36x163
856,Hitachi,EX60UR,450x36x163
857,Hitachi,EX60-1,450x36x163
858,Hitachi,EX60-3,450x36x163
859,Hitachi,EX60LC-3,450x38x163
860,Hitachi,EX80U,450x76x81.5
861,Hitachi,ZX75US,450x76x81.5
862,Hitachi,EX100,500x78x92
863,Hitachi,EX100-1,500x78x92
864,Hitachi,EX100-2,500x78x92
865,Hitachi,EX100-3,500x78x92
866,Hitachi,EX100-5,500x78x92
867,Hitachi,EX105,500x78x92
868,Hitachi,EX120-2,500x84x92
869,Hitachi,EX120-5,500x84x92
870,Hitachi,EX135U,500x84x92
871,Hitachi,EX135UR,500x84x92
872,Hitachi,EX135VR,500x84x92
873,Hitachi,EX138UU,500x84x92
874,Hitachi,ZX135,500x84x92
875,IHI,IC-45-2,600x80x100
876,IHI,IC-75,700x98x100
877,IHI,IC-120,750x66x150
878,IHI,4J,180x33x72
879,IHI,IS4F,180x33x72
880,IHI,IS4FG,180x33x72
881,IHI,IS4FX,180x33x72
882,IHI,IS4GX,180x33x72
883,IHI,IS4GX-3,180x33x72
884,IHI,IS4J,180x33x72
885,IHI,9NX,180x37x72
886,IHI,9VX,180x37x72
887,IHI,IS07,180x37x72
888,IHI,7GX,180x37x72
889,IHI,7J,180x37x72
890,IHI,7JE,180x37x72
891,IHI,IS7F,180x37x72
892,IHI,IS7FX,180x37x72
893,IHI,IS7GX,180x37x72
894,IHI,IS7GX-2,180x37x72
895,IHI,IS7GX-3,180x37x72
896,IHI,IS7J,180x37x72
897,IHI,IS7P,180x37x72
898,IHI,12VXE,200x40x72
899,IHI,IS9UX,230x41x72
900,IHI,IS10,230x43x72
901,IHI,IS10C,230x43x72
902,IHI,IS10F,230x43x72
903,IHI,IS10FX,230x43x72
904,IHI,IS10G,230x43x72
905,IHI,IS10GX,230x43x72
906,IHI,IS10S,230x43x72
907,IHI,IS11X,230x43x72
908,IHI,IS12,230x43x72
909,IHI,IS12C,230x43x72
910,IHI,IS12G,230x43x72
911,IHI,IS12GX,230x43x72
912,IHI,IS12S,230x43x72
913,IHI,IS14,230x43x72
914,IHI,IS14G,230x43x72
915,IHI,IS14GX,230x43x72
916,IHI,IS14GX-2,230x43x72
917,IHI,IS14GX-3,230x43x72
918,IHI,IS14PX,230x43x72
919,IHI,10Z,230x47x72
920,IHI,12J,230x47x72
921,IHI,12JX,230x47x72
922,IHI,12NX,230x47x72
923,IHI,IS9UX-2,230x47x72
924,IHI,IS9UX-3,230x47x72
925,IHI,IS12JX,230x47x72
926,IHI,IS12NX,230x47x72
927,IHI,IS10Z,230x47x72
928,IHI,MC15,230x52x72
929,IHI,14NXT,230x32x96
930,IHI,15J,230x32x96
931,IHI,16N,230x32x96
932,IHI,17J,230x32x96
933,IHI,17JE,230x32x96
934,IHI,17NE,230x32x96
935,IHI,IS15J,230x32x96
936,IHI,IS17J,230x32x96
937,IHI,IS17JE,230x32x96
938,IHI,IS18J,230x35x96
939,IHI,15NX,230x35x96
940,IHI,16NXT,230x35x96
941,IHI,17VXE,230x35x96
942,IHI,18J,230x35x96
943,IHI,18N,230x35x96
944,IHI,18NXT,230x35x96
945,IHI,19VXT,230x35x96
946,IHI,20JX,250x40x96
947,IHI,20NX,250x40x96
948,IHI,20NX-2,250x40x96
949,IHI,20Z,250x40x96
950,IHI,IS18UJ,250x40x96
951,IHI,IS20JX,250x40x96
952,IHI,25J,300x72x52.5W
953,IHI,IS25G,300x72x52.5W
954,IHI,IS25GX,300x72x52.5W
955,IHI,IS25J,300x72x52.5W
956,IHI,25JX,300x76x52.5W
957,IHI,28J,300x76x52.5W
958,IHI,IS25JX,300x76x52.5W
959,IHI,IS25NX,300x76x52.5W
960,IHI,IS28G,300x76x52.5W
961,IHI,IS28G3,300x76x52.5W
962,IHI,IS28GX,300x76x52.5W
963,IHI,IS28J,300x76x52.5W
964,IHI,IS28JX,300x76x52.5W
965,IHI,IS28PX,300x76x52.5W
966,IHI,25NX,300x78x52.5W
967,IHI,25VX,300x78x52.5W
968,IHI,28N,300x78x52.5W
969,IHI,28N-2,300x78x52.5W
970,IHI,28N-3,300x78x52.5W
971,IHI,30J,300x80x52.5W
972,IHI,30UJ,300x80x52.5W
973,IHI,30Z,300x80x52.5W
974,IHI,IS28UX,300x80x52.5W
975,IHI,IS28UX-2,300x80x52.5W
976,IHI,IS30G,300x80x52.5W
977,IHI,IS30GX,300x80x52.5W
978,IHI,IS30GX-2,300x80x52.5W
979,IHI,IS30GX-3,300x80x52.5W
980,IHI,IS30J,300x80x52.5W
981,IHI,IS30UJ,300x80x52.5W
982,IHI,IS30UJ-2,300x80x52.5W
983,IHI,IS30Z,300x80x52.5W
984,IHI,30JX,300x84x52.5W
985,IHI,30NX,300x84x52.5W
986,IHI,30UX,300x84x52.5W
987,IHI,32J,300x84x52.5W
988,IHI,35J,300x84x52.5W
989,IHI,35N,300x84x52.5W
990,IHI,IS30JX,300x84x52.5W
991,IHI,IS30NX,300x84x52.5W
992,IHI,IS32J,300x84x52.5W
993,IHI,IS35G,300x84x52.5W
994,IHI,IS35G-1,300x84x52.5W
995,IHI,IS35G-2,300x84x52.5W
996,IHI,IS35GX,300x84x52.5W
997,IHI,IS35GX-1,300x84x52.5W
998,IHI,IS35GX-2,300x84x52.5W
999,IHI,IS35GX-3,300x84x52.5W
1000,IHI,IS35J,300x84x52.5W
1001,IHI,35FX,300x90x52.5W
1002,IHI,35JX,300x90x52.5W
1003,IHI,35NX,300x90x52.5W
1004,IHI,35NX-2,300x90x52.5W
1005,IHI,35UJ,300x90x52.5W
1006,IHI,38UJ,300x90x52.5W
1007,IHI,IS35JX,300x90x52.5W
1008,IHI,IS35NX,300x90x52.5W
1009,IHI,IS35UJ,300x90x52.5W
1010,IHI,IS38UJ,300x90x52.5W
1011,IHI,IS40UJ,300x90x52.5W
1012,IHI,IS40Z,300x90x52.5W
1013,IHI,40Z,300x90x52.5W
1014,IHI,30NX-2,300x82x55W
1015,IHI,30VX,300x82x55W
1016,IHI,IS30NX-2,300x82x55W
1017,IHI,35VX,300x88x55W
1018,IHI,IS20LX,300x37x109
1019,IHI,IS27,300x37x109
1020,IHI,IS27G,300x37x109
1021,IHI,IS27GX,300x37x109
1022,IHI,IS28,300x37x109
1023,IHI,IS28LX,300x37x109
1024,IHI,IS22UX,300x39x109
1025,IHI,22UX,300x39x109W
1026,IHI,28UX,300x39x109W
1027,IHI,IS38UX,300x39x109
1028,IHI,IS25,320x38x100
1029,IHI,IS25,320x38x100
1030,IHI,IS25S,320x38x100
1031,IHI,IS25S-2,320x38x100
1032,IHI,IS27F,320x40x100
1033,IHI,IS27FX,320x40x100
1034,IHI,IS27R,320x40x100
1035,IHI,38N,350x84x52.5
1036,IHI,T840,350x42x108
1037,IHI,40G-1,400x70x73
1038,IHI,40J,400x70x73
1039,IHI,40JX,400x70x73
1040,IHI,IS40J,400x70x73
1041,IHI,45J,400x72x73
1042,IHI,45J-2,400x72x73
1043,IHI,45UJ,400x72x73
1044,IHI,45UJ-2,400x72x73
1045,IHI,IS45J,400x72x73
1046,IHI,IS40JX,400x72x73
1047,IHI,IS45UJ,400x72x73
1048,IHI,IS55U-2,400x72x73
1049,IHI,IS55U-1,400x72x73
1050,IHI,40NX,400x70x73
1051,IHI,IS40G,400x70x73
1052,IHI,IS40GX,400x70x73
1053,IHI,IS40GX-2,400x70x73
1054,IHI,IS40GX-3,400x70x73
1055,IHI,40GX-2,400x72x72.5W
1056,IHI,45N,400x72x72.5W
1057,IHI,45NX,400x72x72.5W
1058,IHI,50NX,400x72x72.5W
1059,IHI,IS40NX,400x72x73
1060,IHI,IS45NX,400x72x73
1061,IHI,45V4,400x74x72.5W
1062,IHI,50J,400x74x73
1063,IHI,50UX,400x74x73
1064,IHI,50VX,400x74x72.5W
1065,IHI,50Z,400x74x73
1066,IHI,55J,400x74x73
1067,IHI,55J-2,400x74x73
1068,IHI,55N,400x74x73
1069,IHI,55UJ,400x74x73
1070,IHI,55UX,400x74x73
1071,IHI,55V4,400x74x72.5W
1072,IHI,55VX,400x74x72.5W
1073,IHI,55VX-3,400x74x72.5W
1074,IHI,60V4,400x74x72.5W
1075,IHI,IS50G,400x74x73
1076,IHI,IS50G3,400x74x73
1077,IHI,IS50GX,400x74x73
1078,IHI,IS50UJ,400x74x73
1079,IHI,IS50UX,400x74x73
1080,IHI,IS50Z,400x74x73
1081,IHI,IS55,400x74x73
1082,IHI,IS55G,400x74x73
1083,IHI,IS55G3,400x74x73
1084,IHI,IS55J,400x74x73
1085,IHI,IS55LX,400x74x73
1086,IHI,IS55N,400x74x73
1087,IHI,IS55UJ,400x74x73
1088,IHI,IS55UX,400x74x74
1089,IHI,65NX,400x82x73
1090,IHI,65UX,400x82x73
1091,IHI,65VX,400x82x73
1092,IHI,65VX-2,400x82x73
1093,IHI,65UJ,450x82x71
1094,IHI,70Z,450x82x71
1095,IHI,75NX,450x82x71
1096,IHI,75UJ,450x82x71
1097,IHI,80NX,450x82x71
1098,IHI,80NX-3,450x82x71
1099,IHI,80VX,450x82x71
1100,IHI,80VX-3,450x82x71
1101,IHI,IS65UJ,450x82x71
1102,IHI,IS65UJ3,450x82x71
1103,IHI,IS70Z,450x82x71
1104,IHI,IS75F,450x40x145
1105,IHI,IS75UJ,450x80x73
1106,IHI,IS80NX,450x80x73
1107,"JP Carlton",SP7015,230x42x96
1108,Kubota,SVL65-2,380x52x86
1109,Kubota,SVL75,385x52x86
1110,Kubota,SVL90C,450x58x86
1111,Kubota,SCL1000,250x43x72?
1112,Kubota,"KC40 (Dumper)",180x34x60
1113,Kubota,K007,180x36x72
1114,Kubota,KX007,180x36x72
1115,Kubota,"KH007 (36L)",180x36x72
1116,Kubota,KH21,180x36x72
1117,Kubota,"KH007 (37L)",180x37x72
1118,Kubota,KH07,180x37x72
1119,Kubota,U-008,180x37x72
1120,Kubota,U-10,180x40x72
1121,Kubota,U-10-3,180x40x72
1122,Kubota,"KC50 (Dumper)",200x34x72
1123,Kubota,"KC50 (Dumper)",200x39x72
1124,Kubota,KC51,200x39x72
1125,Kubota,"KC70 (Dumper)",200x39x72
1126,Kubota,"KC50LZ (Dumper)",200x39x72
1127,Kubota,"KH012 (Old)",200x42x72
1128,Kubota,KH012G,200x42x72
1129,Kubota,KH012HG,200x42x72
1130,Kubota,KH05,200x42x72
1131,Kubota,KH28,200x42x72
1132,Kubota,KH31,200x42x72
1133,Kubota,KH35,200x42x72
1134,Kubota,KH36,200x42x72
1135,Kubota,KH37,200x42x72
1136,Kubota,KH5HC,200x42x72
1137,Kubota,KH12,200x42x72
1138,Kubota,KH38,200x42x72
1139,Kubota,KH014,230x42x72
1140,Kubota,KH014G,230x42x72
1141,Kubota,KH041,230x42x72
1142,Kubota,KH120,230x42x72
1143,Kubota,"KH41 (72P)",230x42x72
1144,Kubota,KH41R,230x42x72
1145,Kubota,"KH50 (72P)",230x42x72
1146,Kubota,"KH55 (230x42x72)",230x42x72
1147,Kubota,KH55G,230x42x72
1148,Kubota,KH55R,230x42x72
1149,Kubota,KH55S,230x42x72
1150,Kubota,KH55X,230x42x72
1151,Kubota,KH14,230x42x72
1152,Kubota,KH14G,230x42x72
1153,Kubota,"KC120 Dumper",230x46x72
1154,Kubota,KC140,250x45x72
1155,Kubota,"KC120 (Dumper)",250x45x72
1156,Kubota,"KC50 (Dumper)",250x46x72
1157,Kubota,"KC110H (Dumper)",250x48x72
1158,Kubota,"KC110H Dumper",250x48x72
1159,Kubota,"KC110HR Dumpber",250x48x72
1160,Kubota,"KC100H Dumper",250x50x72
1161,Kubota,"KC120H Dumper",250x50x72
1162,Kubota,K013,200x30x96
1163,Kubota,K015,200x30x96
1164,Kubota,KN36,200x30x96
1165,Kubota,KX12,200x30x96
1166,Kubota,"KH012 (New)",230x30x96
1167,Kubota,"KH41 (96P)",230x30x96
1168,Kubota,"KH50 (96P)",230x30x96
1169,Kubota,KX012,230x30x96
1170,Kubota,KX041,230x30x96
1171,Kubota,KX014,230x30x96
1172,Kubota,KX41,230x30x96
1173,Kubota,KX41-2,230x30x96
1174,Kubota,KX41HG,230x30x96
1175,Kubota,KX41L,230x30x96
1176,Kubota,KX015-4,230x32x96
1177,Kubota,KX016-4,230x32x96
1178,Kubota,KX41-2S,230x32x96
1179,Kubota,KX41-2SC,230x32x96
1180,Kubota,KX41-3S,230x32x96
1181,Kubota,KX41-3SGL,230x32x96
1182,Kubota,"KX41-3V (2009)",230x35x96
1183,Kubota,KX41-2SV,230x35x96
1184,Kubota,KX41-2V,230x35x96
1185,Kubota,KX41-2VC,230x35x96
1186,Kubota,"KX41-3 (S/N:20972)",230x35x96
1187,Kubota,KX41-3VGL,230x35x96
1188,Kubota,U-15,230x35x96
1189,Kubota,U-15-3,230x35x96
1190,Kubota,U-20,250x41x96
1191,Kubota,KX018-4,230x70x48
1192,Kubota,"KX41-3 (S/N:30001)",230x70x48
1193,Kubota,"KX41-3V (2010 and Up)",230x70x48
1194,Kubota,U-17,230x70x48
1195,Kubota,U-17-3,230x70x48
1196,Kubota,U-20-3,250x84x47
1197,Kubota,U-20-3V,250x84x47
1198,Kubota,U-20-3VHG,250x84x47
1199,Kubota,RX202,250x41xx96K
1200,Kubota,KH021,250x35x109
1201,Kubota,"KH55 ",250x35x109
1202,Kubota,KN51,250x35x109
1203,Kubota,KX51,250x35x109
1204,Kubota,KX61,250x35x109
1205,Kubota,KX021,250x35x109
1206,Kubota,KX024,250x35x109
1207,Kubota,KX61,250x35x109
1208,Kubota,KH021HG,250x35x109
1209,Kubota,KH51,250x35x109
1210,Kubota,KH52,250x35x109
1211,Kubota,RX201,250x37x109
1212,Kubota,K020,250x37x109
1213,Kubota,K022,250x37x109
1214,Kubota,KX021,250x37x109
1215,Kubota,KX021UR,250x37x109
1216,Kubota,KX61-2,250x37x109
1217,Kubota,KX61-2S,250x37x109
1218,Kubota,U-30,300x84x52.5W
1219,Kubota,U-30-1,300x84x52.5W
1220,Kubota,U-30-2,300x84x52.5W
1221,Kubota,U-30HG,300x84x52.5W
1222,Kubota,U-35,300x84x52.5W
1223,Kubota,U-35-3HG,300x84x52.5W
1224,Kubota,U-35HG,300x84x52.5W
1225,Kubota,UX30,300x84x52.5W
1226,Kubota,RX302,300x84x52.5W
1227,Kubota,U-30-5S,300x84x52.5K
1228,Kubota,U-30-6S,300x84x52.5K
1229,Kubota,KH024,300x35x109N
1230,Kubota,KH026,300x35x109N
1231,Kubota,KH026G,300x35x109N
1232,Kubota,KH121,300x35x109N
1233,Kubota,"KH60 (Check links)",300x35x109N
1234,Kubota,"KH66 (Check links)",300x35x109N
1235,Kubota,"KH71 (Check links)",300x35x109N
1236,Kubota,KX026,300x35x109N
1237,Kubota,KX71,300x35x109N
1238,Kubota,KH61,300x35x109N
1239,Kubota,K025,300x37x109N
1240,Kubota,KH02,300x37x109N
1241,Kubota,KH024,300x37x109N
1242,Kubota,KH026,300x37x109N
1243,Kubota,KH027,300x37x109N
1244,Kubota,KH02HG,300x37x109N
1245,Kubota,KH24HG,300x37x109N
1246,Kubota,"KH60 (Check links)",300x37x109N
1247,Kubota,KH65,300x37x109N
1248,Kubota,"KH66 (Check links)",300x37x109N
1249,Kubota,"KH70 (Check links)",300x37x109N
1250,Kubota,"KH71 (37L)",300x37x109N
1251,Kubota,KX027,300x37x109N
1252,Kubota,KH027G,300x37x109N
1253,Kubota,KH060,300x37x109N
1254,Kubota,KH24,300x37x109N
1255,Kubota,KH26HG,300x37x109N
1256,Kubota,K028,300x39x109N
1257,Kubota,K030,300x39x109N
1258,Kubota,KH030,300x39x109N
1259,Kubota,KH030G,300x39x109N
1260,Kubota,KH030HG,300x39x109N
1261,Kubota,"KH033(Check links)",300x39x109N
1262,Kubota,"KH033HG(Check links)",300x39x109N
1263,Kubota,"KH70 (Check links)",300x39x109N
1264,Kubota,KH91,300x39x109N
1265,Kubota,"KX030(Check links)          ",300x39x109N
1266,Kubota,"KX033(Check links)",300x39x109N
1267,Kubota,KX71-2,300x39x109N
1268,Kubota,KX91-2,300x39x109N
1269,Kubota,KX91-2S,300x39x109N
1270,Kubota,KX91-2SR,300x39x109N
1271,Kubota,"KH033(Check links)",300x41x109W
1272,Kubota,"KH033HG(Check links)",300x41x109W
1273,Kubota,KH101,300x41x109W
1274,Kubota,KH90,300x41x109W
1275,Kubota,KH090,300x41x109W
1276,Kubota,"KX030(Check links)   ",300x41x109W
1277,Kubota,"KX033(Check links)",300x41x109W
1278,Kubota,KX90,300x41x109W
1279,Kubota,KX101,300x41x109W
1280,Kubota,RX301,300x41x109W
1281,Kubota,RX301UR,300x41x109W
1282,Kubota,RX303,300x41x109W
1283,Kubota,KX027-4,300x80x53
1284,Kubota,KX030-4,300x80x53
1285,Kubota,KX61-3,300x80x53
1286,Kubota,KX71-3,300x80x53
1287,Kubota,KX71-3GL,300x80x53
1288,Kubota,KX91-3,300x80x53
1289,Kubota,U-25-3,300x80x53
1290,Kubota,U-25-3G,300x80x53
1291,Kubota,U-25-3GL,300x80x53
1292,Kubota,U-27-4,300x80x53
1293,Kubota,K035-3,300x84x53
1294,Kubota,KX033-4,300x84x53
1295,Kubota,KX037-4,300x84x53
1296,Kubota,KX101-3,300x84x53
1297,Kubota,U-30-3,300x84x53
1298,Kubota,U-35,300x84x52.5W
1299,Kubota,U-35-3,300x84x53
1300,Kubota,U-35-3G,300x84x53
1301,Kubota,U-35-4,300x84x53
1302,Kubota,U-36-4,300x84x53
1303,Kubota,"KH26SR (40L)",320x40x100
1304,Kubota,"KH30SR (40L)",320x40x100
1305,Kubota,KH30SRG,320x40x100
1306,Kubota,"KH26SR (43L)",320x43x100
1307,Kubota,"KH30SR (43L)",320x43x100
1308,Kubota,KX040-4,350x86x54.5
1309,Kubota,KX042-4,350x86x54.5
1310,Kubota,KX121-3,350x86x54.5
1311,Kubota,K038,350x84x56
1312,Kubota,KX121-2,350x84x56
1313,Kubota,KX121-2S,350x84x56
1314,Kubota,KH045,400x37x142
1315,Kubota,KX040,400x37x142
1316,Kubota,KX045,400x37x142
1317,Kubota,KX151,400x37x142
1318,Kubota,KH040,400x37x142
1319,Kubota,KH151,400x37x142
1320,Kubota,KH055,400x39x142
1321,Kubota,KH130,400x36x146
1322,Kubota,"KH52SR (400x36x146)",400x36x146
1323,Kubota,K040,400x72x72.5W
1324,Kubota,K045,400x72x72.5W
1325,Kubota,K151,400x72x72.5W
1326,Kubota,KX161-2,400x72x72.5W
1327,Kubota,KX161-2S,400x72x72.5W
1328,Kubota,KX161-2SR,400x72x72.5W
1329,Kubota,U-45,400x72x72.5W
1330,Kubota,U-45G,400x72x72.5W
1331,Kubota,U-45VA,400x72x72.5W
1332,Kubota,KH055N,400x76x72.5W
1333,Kubota,RX502,400x74x72.5W
1334,Kubota,RX502VA,400x74x72.5W
1335,Kubota,RX501,400x38x142W
1336,Kubota,KX161-3,400x74x72.5WK
1337,Kubota,KX161-3CX,400x74x72.5WK
1338,Kubota,U55,400x74x72.5WK
1339,Kubota,U55-4,400x74x72.5WK
1340,Kubota,U55-4S,400x74x72.5WK
1341,Kubota,KX057-4,400x74x72.5WK
1342,Kubota,U-48-4,400x74x72.5WK
1343,Kubota,U-50-3,400x74x72.5WK
1344,Kubota,U-55,400x74x72.5WK
1345,Kubota,U-55-4,400x74x72.5WK
1346,Kubota,U-55-4S,400x74x72.5WK
1347,Kubota,U-40,400x74x72.5WK
1348,Kubota,U-45-3,400x74x72.5WK
1349,Kubota,"KH50SR (52L)",420x52x100
1350,Kubota,"KH50SR (54L)",420x54x100
1351,Kubota,"KH51SR (52L)",420x52x100
1352,Kubota,"KH51SR (54L)",420x54x100
1353,Kubota,"KH52SR (420x52x100)",420x52x100
1354,Kubota,"KH52SR (420x54x100)",420x54x100
1355,Kubota,KH191(450x78x71),450x78x71
1356,Kubota,KH191(450x72x81),450x72x81
1357,Kubota,KX60-2,450x72x81
1358,Kubota,KX60-3,450x72x81
1359,Kubota,KX75UR,450x76x81N
1360,Kubota,KX80,450x76x81N
1361,Kubota,K080,450x76x81.5
1362,Kubota,KX080,450x76x81.5
1363,Kubota,KX100-5,500x78x92
1364,Kubota,KX120-5,500x84x92
1365,Kubota,RX1300,330x36x79
1366,McElroy,"TracStar 412, 618",180x42x72ETR
1367,McElroy,"TracStar 500 Series II",230x42x72ETR
1368,McElroy,"TracStar 900",300x82x52.5NAV
1369,Morooka,"MST300 (Dumper)",350x53x100
1370,Morooka,"MST300V (Dumper)",350x53x100
1371,Morooka,"MST300VD (Dumper)",350x53x100
1372,Morooka,"MST300VDR (Dumper)",350x53x100
1373,Morooka,MST600V,500x78x90
1374,Morooka,MST600VD,500x78x90
1375,Morooka,MST700,600x76x100
1376,Morooka,MST800,600x80x100
1377,Morooka,MST1100,700x80x100
1378,Morooka,MST1500,700x98x100
1379,Morooka,"MST1500VD Cutting Type",700x98x100
1380,Morooka,MST1700,700x98x100
1381,Morooka,MST1800,650x80x125
1382,Morooka,MST1900,700x98x100
1383,Morooka,MST2000,800x80x125
1384,Morooka,MST2200,750x66x150
1385,Morooka,MST2200V,750x66x150
1386,Morooka,"MST2200VD ",750x66x150
1387,Morooka,MST2300,750x66x150
1388,Morooka,"MST3000 ",800x66x150
1389,Ramrod,1150T,230x39x72
1390,Salsco,RP44-RD,230x53x72EWT
1391,Sany,SY35U,300x84x55
1392,Sany,SY16,230x35x96
1393,Sumitomo,S30UX-1,200x41x72
1394,Sumitomo,"SH 10UJ3",230x47x72
1395,Sumitomo,"SH 18UJ2",230x35x96
1396,Sumitomo,"SH 18UJ2",230x80x48
1397,Sumitomo,"SH 25J",300x72x52.5
1398,Sumitomo,"LS 160 ",400x41x142
1399,Sumitomo,"SH 60",450x42x135
1400,Sumitomo,"SH 75U",450x86x73
1401,Sumitomo,"LMC Trackmaster 75, 85",450x62x90
1402,Sumitomo,"SH 145",500x84x92
1403,Vermeer,RTX100,180x28x60
1404,Vermeer,RTX150,180x28x60
1405,Vermeer,SC30TX,180x32x72
1406,Vermeer,CTX50,180x35x72
1407,Vermeer,RTX250,180x39x72
1408,Vermeer,S400TX,180x39x72
1409,Vermeer,S450TX,180x41x72
1410,Vermeer,S600TX,180x39x72
1411,Vermeer,S650TX,180x41x72
1412,Vermeer,CTX100,180x45x72
1413,Vermeer,CTX160,230x45x72
1414,Vermeer,S725TX,180x45x72
1415,Vermeer,S800TX,230x45x72
1416,Vermeer,S925TX,180x45x72
1417,Vermeer,SC502SP,230x54x72
1418,Vermeer,SC505,230x54x72
1419,Vermeer,SC60TX,230x54x72
1420,Vermeer,SC502SP,230x54x72
1421,Vermeer,SC505,230x54x72
1422,Vermeer,SC60TX,230x54x72
1423,Vermeer,RTX550,320x34x86CHE
1424,Vermeer,RTX750,450x36x86CHE
1425,Vermeer,RTX1250,450x42x86ARB
1426,Vermeer,"D6x6 Navigator",180x39x72ETR
1427,Vermeer,"D8x10 Drill",180x47x72
1428,Vermeer,"D7x11A,D10x15A,D16x20A NAVIGATOR",230x54x72ETR
1429,Vermeer,"D9x13II/13III,10x115",265x52x72SWW
1430,Vermeer,"D16x20II ",250x74x52.5TAV
1431,Vermeer,"D20x20II/20III,D20x22II,D23X30III",300x74x52.5NET
1432,Vermeer,D23x21,300x44x109OKK
1433,Vermeer,"Flextrak 75",450x64x81
1434,"Wacker Neuson",803RD,180x37x72
1435,"Wacker Neuson",1302RD,230x43x72
1436,"Wacker Neuson",1402RD,230x43x72
1437,"Wacker Neuson","DT12 ",180x37x72
1438,"Wacker Neuson",DT15,250x56x72
1439,"Wacker Neuson",ET16,230x33x96
1440,"Wacker Neuson",ET18,230x36x96
1441,"Wacker Neuson",ET20,250x38x96
1442,"Wacker Neuson",ET24,250x37x109W
1443,"Wacker Neuson",EZ26,300x82x52.5W
1444,"Wacker Neuson",EZ28,300x82x52.5W
1445,"Wacker Neuson",EZ36,300x84x53K
1446,"Wacker Neuson",EZ38,300x84x52.5W
1447,"Wacker Neuson",EZ50,400x74x72.5W
1448,"Wacker Neuson",EZ53,400x74x72.5W
1449,"Wacker Neuson",EZ80,450x80x76
1450,"Wacker Neuson",ET24,300x76x52.5W
1451,"Wacker Neuson",ET35,300x84x53K
1452,"Wacker Neuson",ET42,350x86x55
1453,"Wacker Neuson",ET58,400x74x72.5W
1454,"Wacker Neuson",ET65,400x74x72.5WK
1455,"Wacker Neuson",1101CP,450x56x86
1456,"Wacker Neuson",ST31,320x52x86
1457,"Wacker Neuson",ST31,400x52x86
1458,"Wacker Neuson",ST35,450x56x86
1459,"Wacker Neuson",ST45,450x56x86
1460,"Wacker Neuson",ET90,450x80x76
1461,"Wacker Neuson",ET145,500x84x92
1462,"Wacker Neuson",28Z3,300x79x55
1463,"Wacker Neuson",38Z-3,300x41x109
1464,"Wacker Neuson",50Z-3RD,400x74x73
1465,Sheet1,K008,180x37x72ESR
1466,Sheet1,KX018,230x70x48DSK
1467,Sheet1,KX41-3,230x70x48VSO
1468,Sheet1,U17,230x70x48VSO
1469,Sheet1,"KX91-3 & KX71-3",300x80x53KNK
1470,Sheet1,U35,300x84x52.5WNV
1471,Sheet1,CX36B,300x88x52.5WNV
1472,Sheet1,T190,320x49x86BCN
1473,Sheet1,TR270,320x50x86BCN
1474,Sheet1,319E,320x52x86BCN
1475,Sheet1,SVL75,320x52x86BCN
1476,Sheet1,KX040-4,350x86x54.5KDK
1477,Sheet1,KX121-3,350x86x54.5KDK
1478,Sheet1,329E,400x56x86BCN
1479,Sheet1,KX161-3,400x74x72.5KWK
1480,Sheet1,KX057-4,400x74x72.5WNV
1481,Sheet1,U45,400x74x72.5WNV
1482,Sheet1,445CT,450x55x86BCN
1483,Sheet1,T250,450x55x86BCN
1484,Sheet1,TR320,450x55x86BCN
1485,Sheet1,TV380,450x55x86BCN
1486,Sheet1,"SVL90 & SVL95",450x58x86BCN
1487,Sheet1,KX080-3,450x76x81WNV
1488,Airman,HM07S,180x36x72
1489,Airman,"AX 08",180x37x72
1490,Airman,"AX 08-2",180x37x72
1491,Airman,"AX 10u",180x40x72
1492,Airman,"HM 10 72",230x42x72
1493,Airman,"HM 10G",230x42x72
1494,Airman,"HM 10SG",230x42x72
1495,Airman,"HM 15 72",230x42x72
1496,Airman,"HM 15S",230x42x72
1497,Airman,"AX 12",230x31x96
1498,Airman,"AX 15",230x31x96
1499,Airman,"AX 15-2",230x31x96
1500,Airman,"AXC 12",230x31x96
1501,Airman,"AXC 15",230x31x96
1502,Airman,AX16,230x33x96
1503,Airman,"AX 16-2",230x33x96
1504,Airman,"HM 1096",230x33x96
1505,Airman,"HM 15 96",230x33x96
1506,Airman,AX20UR,250x78x52.5
1507,Airman,"AX 25",300x76x52.5N
1508,Airman,"AX 25-1",300x76x52.5N
1509,Airman,"AX 25-2",300x76x52.5N
1510,Airman,AX30UR-2,300x76x52.5N
1511,Airman,"AX 35-1",300x84x52.5N
1512,Airman,"AX 40",400x72x72.5W
1513,Airman,"AX 40-2",400x72x72.5W
1514,Airman,"AX 40u",400x72x72.5W
1515,Airman,"AX 45",400x72x72.5W
1516,Airman,"AX 45-2",400x72x72.5W
1517,Airman,"AX 50u",400x72x72.5W
1518,Airman,"HM 45",400x72x72.5W
1519,Airman,"HM 45-2",400x72x72.5W
1520,Airman,"HM 50",400x72x72.5W
1521,Airman,"AX 58",400x74x72.5W
1522,Aichi,DM10,230x43x72
1523,Aichi,RV040,200x42x72
1524,Aichi,RV041,200x42x72
1525,Aichi,RV051,230x48x72
1526,Aichi,RV04A,200x49x72
1527,Aichi,RV042,230x50x72
1528,Aichi,RV060,230x56x72
1529,Aichi,RV061,230x56x72
1530,Aichi,FR300,300x84x52.5N
1531,Aichi,FR300,320x82x54W
1532,AllTrack,AT800,600x80x100
1533,Astec,DD6,400x74x72.5W
1534,Astec,DD8,400x74x72.5W
1535,Astec,DD2024,280x56x72
1536,Astec,DD3238,300x92x52.5N
1537,Astec,DD9014,450x92x71
1538,Atlas,100,180x41x72
1539,Atlas,100B,180x41x72
1540,Atlas,CT,180x41x72
1541,Atlas,CT100,180x41x72
1542,Atlas,404-2,230x33x96
1543,Atlas,804,320x43x100
1544,Atlas,804R,320x43x100
1545,ASV+Terex,RT30,280x37x101.6SNX
1546,ASV+Terex,RC30,280x37x101.6SNX
1547,ASV+Terex,PT30,280x37x101.6SNX
1548,ASV+Terex,PT50,381x42x100.5TNS
1549,ASV+Terex,PT60,381x42x100.5TNS
1550,ASV+Terex,RC50,381x42x100.5TNS
1551,ASV+Terex,RC60,381x42x100.5TNS
1552,ASV+Terex,ST50,381x42x101.6
1553,ASV+Terex,VT70,381x42x100.5TNS
1554,ASV+Terex,SR70,381x51x100.5TNS
1555,ASV+Terex,VT65,320x53x86
1556,ASV+Terex,RC85,457x50x101.6TNS
1557,ASV+Terex,RC100,457x50x101.6TNS
1558,ASV+Terex,PT85,457x50x101.6TNS
1559,ASV+Terex,PT100,457x50x101.6TNS
1560,ASV+Terex,PT50,457x50x101.6TPS
1561,ASV+Terex,PT70,457x50x101.6TPS
1562,ASV+Terex,RT120,457x51x101TCS
1563,ASV+Terex,2800,457x56x102
1564,ASV+Terex,2810,457x56x102
1565,ASV+Terex,4500,457x56x102
1566,ASV+Terex,4520,457x56x102
1567,ASV+Terex,4810,457x56x102
1568,Bandit,19XP,400x76x72.5W
1569,Bandit,3200,300x84x52.5W
1570,Bandit,ZT1844,180x35x60
1571,Bandit,1900T,230x56x72
1572,Bobcat,MT50,180x39x72
1573,Bobcat,MT55,180x39x72
1574,Bobcat,MT85,180x45x72
1575,Bobcat,MT100,180x45x72
1576,Bobcat,T110,250x52x72
1577,Bobcat,T140,"300x46x84 (6682177)"
1578,Bobcat,T450,300x46x84
1579,Bobcat,T550,320x49x86
1580,Bobcat,T570,400x49x86
1581,Bobcat,T590,320x49x86
1582,Bobcat,T595,320x49x86
1583,Bobcat,T180,"320x49x86 (6680161)"
1584,Bobcat,T180H,320x49x86
1585,Bobcat,T190,320x49x86
1586,Bobcat,T190H,320x49x86
1587,Bobcat,T200,320x52x86
1588,Bobcat,T630,320x52x86
1589,Bobcat,T650,320x52x86
1590,Bobcat,"S130 (VTS)",320x50x86
1591,Bobcat,"S150 (VTS)",320x52x86
1592,Bobcat,"S160 (VTS)",320x52x86
1593,Bobcat,"S175 (VTS)",320x52x86
1594,Bobcat,"S185 (VTS)",320x52x86
1595,Bobcat,"S205 (VTS)",320x52x86
1596,Bobcat,"S220 (VTS)",450x60x86
1597,Bobcat,T66,400x50x86
1598,Bobcat,T250,400x55x86
1599,Bobcat,T250H,400x55x86
1600,Bobcat,T300,400x55x86
1601,Bobcat,T300H,400x55x86
1602,Bobcat,T320,400x55x86
1603,Bobcat,T740,450x55x86
1604,Bobcat,T750,400x55x86
1605,Bobcat,T760,450x55x86N
1606,Bobcat,T770,400x55x86
1607,Bobcat,T830,450x58x86
1608,Bobcat,T870,450x59x84
1609,Bobcat,"863 (VTS)",450x56x86
1610,Bobcat,864,"320x52x86 (6680149)"
1611,Bobcat,864H,"320x52x86 (6680149)"
1612,Bobcat,"873 (VTS)",450x60x86
1613,Bobcat,"883 (VTS)",450x60x86
1614,Bobcat,316,180x38x72
1615,Bobcat,X316,180x38x72
1616,Bobcat,418,180x39x72
1617,Bobcat,418A,180x39x72
1618,Bobcat,E08,180x39x72
1619,Bobcat,E10,180x39x72
1620,Bobcat,E10e,180x39x72
1621,Bobcat,E10Z,180x39x72
1622,Bobcat,X418,180x39x72
1623,Bobcat,E14,200x41x72
1624,Bobcat,319,200x41x72
1625,Bobcat,X119,230x43x72
1626,Bobcat,x120,230x43x72
1627,Bobcat,X122,230x43x72
1628,Bobcat,Y12,230x43x72
1629,Bobcat,X320,230x45x72
1630,Bobcat,X320,250x45x72
1631,Bobcat,X322,250x45x72
1632,Bobcat,320,230x45x72
1633,Bobcat,X220,250x45x72
1634,Bobcat,X123,250x47x72
1635,Bobcat,X320D,230x33x96
1636,Bobcat,X320E,230x33x96
1637,Bobcat,220,230x33x96
1638,Bobcat,320L,230x33x96
1639,Bobcat,321,230x33x96
1640,Bobcat,322,230x33x96
1641,Bobcat,322G,230x33x96
1642,Bobcat,323,230x33x96
1643,Bobcat,324,230x33x96
1644,Bobcat,X322D,230x33x96
1645,Bobcat,X322E,230x33x96
1646,Bobcat,X322G,230x33x96
1647,Bobcat,X323,230x33x96
1648,Bobcat,X324,230x33x96
1649,Bobcat,E16,230x66x48
1650,Bobcat,E17,230x66x48
1651,Bobcat,E17Z,230x66x48
1652,Bobcat,E19,230x66x48
1653,Bobcat,E20,230x72x48
1654,Bobcat,E20Z,230x72x48
1655,Bobcat,E25,250x76x52.5
1656,Bobcat,"X225(Check Size)",300x74x52.5N
1657,Bobcat,E26,300x80x52.5N
1658,Bobcat,E27,300x80x52.5
1659,Bobcat,E27Z,300x80x52.5
1660,Bobcat,E32,320x80x52.5
1661,Bobcat,E32C,320x80x52.5
1662,Bobcat,E34,300x80x52.5
1663,Bobcat,"E35 (I-Guiding)",300x84x52.5N
1664,Bobcat,"E35 (J-Guiding)",300x84x52.5N
1665,Bobcat,E35C,300x84x52.5N
1666,Bobcat,E35I,300x84x52.5N
1667,Bobcat,E35M,300x84x52.5N
1668,Bobcat,E35Z,300x84x52.5N
1669,Bobcat,325,320x74x52.5
1670,Bobcat,328,320x74x52.5
1671,Bobcat,328G,320x74x52.5
1672,Bobcat,329,320x80x52.5
1673,Bobcat,331,320x80x52.5N
1674,Bobcat,331D,320x80x52.5N
1675,Bobcat,331E,320x80x52.5N
1676,Bobcat,331G,320x80x52.5
1677,Bobcat,334,320x80x52.5N
1678,Bobcat,334D,320x80x52.5
1679,Bobcat,425,320x80x52.5N
1680,Bobcat,428,320x80x52.5
1681,Bobcat,X329,320x80x52.5
1682,Bobcat,X425,320x80x52.5N
1683,Bobcat,X430,300x92x52.5N
1684,Bobcat,X430,320x90x54
1685,Bobcat,X325,320x72x54
1686,Bobcat,X328,320x72x54
1687,Bobcat,X328E,320x72x54
1688,Bobcat,X231,320x78x54
1689,Bobcat,X331,320x78x54
1690,Bobcat,X331E,320x78x54
1691,Bobcat,X334,320x78x54
1692,Bobcat,X334G,320x78x54
1693,Bobcat,335,320x88x55N
1694,Bobcat,430D,320x88x55N
1695,Bobcat,430G,320x88x55N
1696,Bobcat,430ZHS,320x88x55N
1697,Bobcat,430ZTS,320x88x55N
1698,Bobcat,X125,320x38x100
1699,Bobcat,56,320x40x100
1700,Bobcat,"76(Check Size)",320x40x100
1701,Bobcat,"X225(Check Size)",320x40x100
1702,Bobcat,"76(Check Size)",320x42x100
1703,Bobcat,E41,350x88x55
1704,Bobcat,E42,350x88x55
1705,Bobcat,E45,400x74x72.5W
1706,Bobcat,E50,400x74x72.5W
1707,Bobcat,E55,400x74x72.5W
1708,Bobcat,X337,400x74x72.5W
1709,Bobcat,E60,400x76x72.5W
1710,Bobcat,E62,400x76x72.5W
1711,Bobcat,E63,400x76x72.5W
1712,Bobcat,337,400x74x73
1713,Bobcat,337G,400x74x73
1714,Bobcat,341,400x74x73
1715,Bobcat,341D,400x74x73
1716,Bobcat,341G,400x74x73
1717,Bobcat,435,400x74x73
1718,Bobcat,X341,400x74x73
1719,Bobcat,X435,400x74x73
1720,Bobcat,X335,400x35x146
1721,Bobcat,442,450x86x71
1722,Bobcat,X422,450x86x71
1723,Bobcat,X442,450x86x71
1724,Bobcat,X442B,450x86x71
1725,Bobcat,X442ZTS,450x86x71
1726,Bobcat,ZX75,450x86x71
1727,Bobcat,E80,450x76x81W
1728,Bobcat,E85,450x76x81W
1729,Bobcat,444,500x78x92
1730,Bobcat,X444,500x78x92
1731,Bobcat,ZX125,500x78x92
1732,Bobcat,X864,450x52x86
1733,Boxer,118,180x36x72
1734,Boxer,"BRUTE TRX",230x39x72
1735,Boxer,600HD,180x39x72
1736,Boxer,700HDX,230x39x72
1737,Boxer,TTL224,180x34x72
1738,Boxer,TL224,180x36x72
1739,Boxer,224,230x36x72
1740,Boxer,225,230x36x72
1741,Boxer,320,180x36x72
1742,Boxer,322,180x36x72
1743,Boxer,322D,180x36x72
1744,Boxer,532DX,230x39x72
1745,Boxer,400,230x39x72
1746,Boxer,427,230x39x72
1747,Boxer,TTL427,230x39x72
1748,Boxer,TL427,230x39x72
1749,Boxer,526DX,230x39x72
1750,Boxer,530DX,230x39x72
1751,Boxer,530X,230x39x72
1752,Boxer,532DX,230x39x72
1753,Brokk,Model,"Track Size"
1754,Brokk,40,130x29x72
1755,Brokk,MINICUT,130x29x72
1756,Brokk,90,180x36x72
1757,Brokk,100,180x36x72
1758,Brokk,110,180x36x72
1759,Brokk,BM110,180x36x72
1760,Brokk,160,180x42x72
1761,Brokk,180,180x42x72
1762,Brokk,K330,230x82x48
1763,Brokk,150,180x36x72
1764,Brokk,BM150,180x36x72
1765,Brokk,BM150C,180x36x72
1766,Brokk,BM150P,180x36x72
1767,Canycom,BFK808,230x42x72
1768,Canycom,BFY901,230x42x72
1769,Canycom,CC800,230x42x72
1770,Canycom,CC300,230x43x72
1771,Canycom,CC800,250x44x72
1772,Canycom,GC640,250x44x72
1773,Canycom,GC640R,250x44x72
1774,Canycom,S25A,320x58x90
1775,Canycom,SC-75,200x42x72
1776,Canycom,S100BPD,230x48x72
1777,Case,420CT,320x50x86
1778,Case,TR270,320x50x86
1779,Case,"1845C (VTS)",320x52x86
1780,Case,"40XT (VTS)",320x54x86
1781,Case,"410 (VTS)",320x54x86
1782,Case,"420 (VTS)",320x54x86
1783,Case,"70XT (VTS)",320x54x86
1784,Case,"430 (VTS)",320x54x86
1785,Case,"440 (VTS)",320x54x86
1786,Case,"60XT (VTS)",320x54x86
1787,Case,440CT,400x50x86
1788,Case,M400T,400x50x86
1789,Case,TR310,400x50x86
1790,Case,445CT,400x55x86
1791,Case,450CT,400x55x86
1792,Case,TR320,450x55x86
1793,Case,TR340,450x55x86
1794,Case,TV370,450x55x86
1795,Case,TV380,450x55x86
1796,Case,TV450B,450x55x86
1797,Case,"435 (VTS)",450x58x86
1798,Case,"445 (VTS)",450x58x86
1799,Case,"450 (VTS)",450x58x86
1800,Case,"75XT (VTS)",450x58x86
1801,Case,"85XT (VTS)",450x58x86
1802,Case,"90XT (VTS)",450x58x86
1803,Case,"465 (VTS)",450x60x86
1804,Case,"95XT (VTS)",450x60x86
1805,Case,CK08,180x36x72
1806,Case,CK15,230x30x96
1807,Case,CK13,200x30x96
1808,Case,LX92,230x30x96
1809,Case,15,230x31x96
1810,Case,"15 Maxi",230x31x96
1811,Case,16,230x31x96
1812,Case,"16 Maxi",230x31x96
1813,Case,"16 RTN",230x31x96
1814,Case,"17 RTN Maxi",230x31x96
1815,Case,CK16,230x31x96
1816,Case,CX15,230x31x96
1817,Case,CX14,230x70x48
1818,Case,CX14ZTS,230x70x48
1819,Case,CX15STC,230x70x48
1820,Case,CX15STR,230x70x48
1821,Case,CX16B,230x70x48
1822,Case,CX16SVC,230x70x48
1823,Case,CX16SVR,230x70x48
1824,Case,"CX17B ZTS",230x70x48
1825,Case,CX17C,230x70x48
1826,Case,CX18B,230x70x48
1827,Case,CX18C,230x70x48
1828,Case,TF300,250x39x72
1829,Case,TF300RT,250x39x72
1830,Case,CK23,260x35x109
1831,Case,CX20B,250x76x52.5
1832,Case,CX20BMR,250x76x52.5
1833,Case,CX22B,250x76x52.5
1834,Case,CX22BMC,250x76x52.5
1835,Case,CX22BZTS,250x76x52.5
1836,Case,CX25,250x76x52.5
1837,Case,CX26B,250x76x52.5
1838,Case,CX26BZTS,250x76x52.5
1839,Case,CX27B,250x80x52.5
1840,Case,CX27BMC,250x80x52.5
1841,Case,CX27BMR,250x80x52.5
1842,Case,CX27BZTS,250x80x52.5
1843,Case,CX30B,250x80x52.5
1844,Case,CX26C,250x78x52.5
1845,Case,CX23,250x35x109
1846,Case,23,250x35x109
1847,Case,"23 Maxi",250x35x109
1848,Case,28,300x38x109W
1849,Case,"28 Maxi",300x38x109
1850,Case,"CK28 (1997)",300x38x109W
1851,Case,CX28,300x38x109
1852,Case,CK31,300x40x109W
1853,Case,"CX31B (Check Size)",300x82x52.5W
1854,Case,CX31BMC,300x82x52.5W
1855,Case,CX31BMR,300x82x52.5W
1856,Case,CX35,300x82x52.5W
1857,Case,CX35B,300x82x52.5W
1858,Case,31,300x40x109
1859,Case,"31 Maxi",300x40x109
1860,Case,CX31,300x40x109
1861,Case,CK36,300x41x109
1862,Case,CK25,300x35x109
1863,Case,CK28,300x35x109N
1864,Case,"CX31B (Check Size)",300x88x52.5N
1865,Case,CX36V,300x88x52.5N
1866,Case,CX36B,300x88x52.5N
1867,Case,CX36BMC,300x88x52.5N
1868,Case,CX36BMR,300x88x52.5N
1869,Case,CX36BZTS,300x88x52.5N
1870,Case,CX39B,300x88x52.5N
1871,Case,CX30C,300x80x52.5
1872,Case,CX33C,300x86x52.5
1873,Case,CX36,300x88x52.5
1874,Case,CX37C,300x86x52.5
1875,Case,35,350x42x108
1876,Case,"35 Maxi",350x42x108
1877,Case,"35 STB",350x42x108
1878,Case,CK35,350x42x108
1879,Case,CK38,350x84x56
1880,Case,CX40B,400x68x74
1881,Case,CX40BMC,400x68x74
1882,Case,CX40BMR,400x68x74
1883,Case,CX45B,400x68x74
1884,Case,50,400x72x72.5N
1885,Case,"50 Maxi",400x72x72.5N
1886,Case,"50 RTB",400x72x72.5N
1887,Case,CK50,400x72x73
1888,Case,CK52,400x72x72.5N
1889,Case,CX47,400x72x74
1890,Case,CX50,400x72x74
1891,Case,CX50B,400x72x74
1892,Case,CX50BMC,400x72x74
1893,Case,CX50BMR,400x72x74
1894,Case,CX50BZTS,400x72x74
1895,Case,CX57C,400x76x73
1896,Case,CX60C,400x76x73
1897,Case,CX55B,400x74x72.5
1898,Case,CK62,450x72x81W
1899,Case,CK62,400x40x135
1900,Case,CK82,450x72x81W
1901,Case,CX75SR,450x76x81
1902,Case,CX80,450x76x81
1903,Case,CX80C,450x76x81
1904,Case,CX90D,450x76x81.5
1905,CAT,239D,320x49x86
1906,CAT,249D,320x49x86
1907,CAT,"216 (VTS)",320x52x86
1908,CAT,"226 (VTS)",320x52x86
1909,CAT,"228 (VTS)",320x52x86
1910,CAT,247B,381x42x101.6
1911,CAT,257B,381x42x101.6
1912,CAT,259,320x53x86
1913,CAT,259B,320x53x86
1914,CAT,259B3,320x53x86
1915,CAT,259C,320x53x86
1916,CAT,259D,320x53x86
1917,CAT,"232 (VTS)",320x54x86
1918,CAT,"242 (VTS)",320x54x86
1919,CAT,"236 (VTS)",320x56x86
1920,CAT,"246 (VTS)",320x56x86
1921,CAT,"248 (VTS)",320x56x86
1922,CAT,279C2,400x56x86
1923,CAT,279D,400x56x86
1924,CAT,289C,400x56x86
1925,CAT,289C2,400x56x86
1926,CAT,289D,400x56x86
1927,CAT,299C2,450x56x86
1928,CAT,"252 (VTS)",450x59x86
1929,CAT,"262 (VTS)",450x59x86
1930,CAT,"262B (VTS)",450x59x86
1931,CAT,"256C (VTS)",450x60x86
1932,CAT,"246C (VTS)",450x60x86
1933,CAT,"262C (VTS)",450x60x86
1934,CAT,269C,400x60x86
1935,CAT,279C,400x60x86
1936,CAT,289C,400x60x86
1937,CAT,299C,400x60x86
1938,CAT,299D,400x60x86
1939,CAT,"299D XHP",400x60x86
1940,CAT,299D2,400x60x86
1941,CAT,"299D2 XHP",400x60x86
1942,CAT,299D3,450x60x86
1943,CAT,"272C (VTS)",450x63x86
1944,CAT,ME08,180x36x72
1945,CAT,ME08B,180x36x72
1946,CAT,MM08B,180x36x72
1947,CAT,300.9D,180x37x72
1948,CAT,MS010,250x45x72
1949,CAT,301.5,230x62x48
1950,CAT,301.6,230x66x48
1951,CAT,301.8,230x66x48
1952,CAT,301.5CR,230x70x48
1953,CAT,301.6C,230x70x48
1954,CAT,301.8C,230x70x48
1955,CAT,301.7CR,230x70x48K
1956,CAT,301.8CR,230x70x48K
1957,CAT,302CR,250x82x48K
1958,CAT,MM15,230x31x96
1959,CAT,MM15-7,230x31x96
1960,CAT,MM15T,230x31x96
1961,CAT,ME15,230x33x96
1962,CAT,MH15,230x33x96
1963,CAT,MM15,230x33x96
1964,CAT,301.4C,230x33x96
1965,CAT,301.7D,230x36x96
1966,CAT,301.7DCR,230x36x96
1967,CAT,302.4D,230x37x96
1968,CAT,302.2D,250x38x96
1969,CAT,302CR,250x82x48
1970,CAT,MM20,260x74x52.5
1971,CAT,MM20CR,260x74x52.5
1972,CAT,MM20SR,260x74x52.5
1973,CAT,MM20T,260x74x52.5
1974,CAT,MMCR,260x74x52.5W
1975,CAT,"MM25 (72L)",300x72x52.5W
1976,CAT,"MM25 (76L)",300x76x52.5W
1977,CAT,302.5,300x78x52.5W
1978,CAT,302.5C,300x74x55W
1979,CAT,MM25T,300x78x52.5W
1980,CAT,MM30,300x80x52.5W
1981,CAT,MM30B,300x80x52.5W
1982,CAT,MM30CR,300x80x52.5W
1983,CAT,MM30CR-2,300x80x52.5W
1984,CAT,MM30SR,300x80x52.5W
1985,CAT,MM30T,300x80x52.5W
1986,CAT,302.7DCR,300x82x52.5W
1987,CAT,303.5,300x84x52.5W
1988,CAT,303CR,300x84x52.5W
1989,CAT,303ECR,300x84x52.5W
1990,CAT,MM35B,300x84x52.5W
1991,CAT,MM35T,300x84x52.5W
1992,CAT,MX35,300x84x52.5W
1993,CAT,303.5CCR,300x90x52.5W
1994,CAT,303.5DCR,300x90x52.5W
1995,CAT,303.5E2CR,300x90x52.5W
1996,CAT,303.5ECR,300x90x52.5W
1997,CAT,303CCR,300x90x52.5W
1998,CAT,303CR(2007),300x90x52.5W
1999,CAT,ME30,300x80x52.5N
2000,CAT,ME30B,300x80x52.5N
2001,CAT,ME30T,300x80x52.5N
2002,CAT,ME35,300x80x52.5N
2003,CAT,ME20,300x36x109
2004,CAT,ME25,300x36x109
2005,CAT,MX35,300x39x100
2006,CAT,"MS020 (Old)",320x38x100
2007,CAT,"MS020 (New)",320x40x100
2008,CAT,MXR30,320x40x100
2009,CAT,NS020,320x40x100
2010,CAT,MS030,320x43x100
2011,CAT,MS035,320x43x100
2012,CAT,MX30SR,320x43x100
2013,CAT,MX35R,320x43x100
2014,CAT,NS030,320x43x100
2015,CAT,NS035,320x43x100
2016,CAT,304.5E2XTC,350x90x52.5
2017,CAT,304DCR,350x90x52.5
2018,CAT,304E2CR,350x90x52.5
2019,CAT,304ECR,350x90x52.5
2020,CAT,304C,400x72x72.5W
2021,CAT,305CR,400x72x72.5W
2022,CAT,304.5,400x72x73W
2023,CAT,304CR,400x72x73W
2024,CAT,MM40B,400x72x73W
2025,CAT,MM40CR,400x72x73W
2026,CAT,MM40CR-2,400x72x73W
2027,CAT,MM40SR,400x72x73W
2028,CAT,MM55SR,400x72x73W
2029,CAT,MM55SR-2,400x72x73W
2030,CAT,MM57SR,400x72x73W
2031,CAT,MM40T,400x36x146
2032,CAT,MM45,400x36x146
2033,CAT,MM45B,400x36x146
2034,CAT,MM45T,400x36x146
2035,CAT,304CCR,400x76x72.5W
2036,CAT,305.5DCR,400x76x72.5W
2037,CAT,305.5E2CR,400x76x72.5W
2038,CAT,305.5ECR,400x76x72.5W
2039,CAT,305CCR,400x76x72.5W
2040,CAT,305DCR,400x76x72.5W
2041,CAT,305E2CR,400x76x72.5W
2042,CAT,305ECR,400x76x72.5W
2043,CAT,305CR,400x80x72.5W
2044,CAT,MX45,400x70x73N
2045,CAT,ME40,400x35x146
2046,CAT,ME40R,400x35x146
2047,CAT,ME45,400x35x146
2048,CAT,307,450x82x71
2049,CAT,"307A (E70B)",450x82x71
2050,CAT,307B,450x82x71
2051,CAT,307C,450x82x71
2052,CAT,307CAC,450x82x71
2053,CAT,307CCC,450x82x71
2054,CAT,307CSB,450x82x71
2055,CAT,307SSR,450x82x71
2056,CAT,E70,450x82x71
2057,CAT,E70B,450x82x71
2058,CAT,307HD,450x84x71
2059,CAT,308,450x86x71
2060,CAT,308BSR,450x86x71
2061,CAT,308CCR,450x78x81N
2062,CAT,308CSR,450x78x81N
2063,CAT,308DCRSB,450x78x81N
2064,CAT,308E2CR,450x78x81N
2065,CAT,308ECRSB,450x78x81N
2066,CAT,311B,500x78x92
2067,CAT,311BSR,500x78x92
2068,CAT,311C,500x78x92
2069,CAT,E110B,500x78x92
2070,C&F,T85,180x35x72
2071,C&F,T150SW,230x49x72
2072,Gehl-Manitou,RD8H,180x37x72
2073,Gehl-Manitou,GX35,400x72x72.5W
2074,Gehl-Manitou,CTL55,320x46x86
2075,Gehl-Manitou,CTL60,320x52x86
2076,Gehl-Manitou,CTL65,320x52x86
2077,Gehl-Manitou,"CTL70 (VTS)",450x48x100
2078,Gehl-Manitou,"CTL75 (VTS)",450x48x100
2079,Gehl-Manitou,"CTL80 (VTS)",450x50x100
2080,Gehl-Manitou,"CTL85 (VTS)",450x50x100
2081,Gehl-Manitou,RT165,320x49x86
2082,Gehl-Manitou,"RT175, RT185",320x54x86
2083,Gehl-Manitou,RT210,450x56x86
2084,Gehl-Manitou,RT215,450x56x86
2085,Gehl-Manitou,2100RT,450x56x86
2086,Gehl-Manitou,RT250,450x58x86
2087,Gehl-Manitou,RT255,450x58x86
2088,Gehl-Manitou,VT320,450x58x86
2089,Gehl-Manitou,CTL85,450x50x100
2090,Gehl-Manitou,Z35,300x84x55NK
2091,Gehl-Manitou,Z80,"450x74x83.5 Offset"
2092,Gehl-Manitou,GE502,400x74x72.5W
2093,Gehl-Manitou,GE602,400x74x72.5W
2094,Gehl-Manitou,GE503Z,400x74x72.5W
2095,Gehl-Manitou,GE802,450x84x71
2096,Gehl-Manitou,GE142,230x33x96
2097,Gehl-Manitou,GE152,230x33x96
2098,Gehl-Manitou,GE192,230x36x96
2099,Gehl-Manitou,GE222,230x36x96
2100,Gehl-Manitou,GE272,300x72x54
2101,Gehl-Manitou,GE292,300x72x54
2102,Gehl-Manitou,GE342,320x78x54
2103,Gehl-Manitou,GE362,320x78x54
2104,Gehl-Manitou,RT105,250x52x72
2105,Gehl-Manitou,RT135,300x46x84
2106,Gehl-Manitou,153,230x72x48
2107,Gehl-Manitou,253,300x76x52.5W
2108,Gehl-Manitou,303,300x78x52.5W
2109,Gehl-Manitou,363,300x80x52.5W
2110,Gehl-Manitou,353,300x84x52.5W
2111,Gehl-Manitou,373,300x84x52.5W
2112,Gehl-Manitou,502,400x74x72.5W
2113,Gehl-Manitou,503Z,400x74x72.5W
2114,Gehl-Manitou,603,400x74x72.5W
2115,Gehl-Manitou,4640,320x52x86
2116,Gehl-Manitou,7600,450x63x86
2117,Gehl-Manitou,7610,450x63x86
2118,Gehl-Manitou,7800,450x63x86
2119,Gehl-Manitou,7810,450x36x86
2120,Gehl-Manitou,"GEHLMAX MB1355",320x40x100
2121,Gehl-Manitou,"GEHLMAX MD245",320x40x100
2122,Hitachi,EX7,180x36x72
2123,Hitachi,EX08,180x37x72
2124,Hitachi,EX8-1,180x37x72
2125,Hitachi,EX8-2,180x37x72
2126,Hitachi,EX8-2B,180x37x72
2127,Hitachi,ZX8-2,180x37x72
2128,Hitachi,EX8,180x37x72
2129,Hitachi,EX8-1,180x37x72
2130,Hitachi,EX8-2,180x37x72
2131,Hitachi,EX8-2B,180x37x72
2132,Hitachi,EX10U,180x40x72
2133,Hitachi,EX10UX,180x40x72
2134,Hitachi,ZX10U,180x41x72
2135,Hitachi,ZX10U-2,180x41x72
2136,Hitachi,EX15SR,200x42x72
2137,Hitachi,HE10,230x42x72
2138,Hitachi,"EX12 (Old)",230x42x72
2139,Hitachi,EX14,230x42x72
2140,Hitachi,EX14SR,230x42x72
2141,Hitachi,HE10,230x42x72
2142,Hitachi,ME15S,230x42x72
2143,Hitachi,UE004,230x42x72
2144,Hitachi,UE10,230x42x72
2145,Hitachi,UE12,230x42x72
2146,Hitachi,"UE15 (42L)",230x42x72
2147,Hitachi,"UE15 (43L)",230x43x72
2148,Hitachi,"UE15SR (42L)",230x42x73
2149,Hitachi,"UE15SR (43L)",230x43x73
2150,Hitachi,EX12-1,230x31x96
2151,Hitachi,EX12-2,230x31x96
2152,Hitachi,EX15,230x31x96
2153,Hitachi,EX15-1,230x31x96
2154,Hitachi,EX15-2,230x31x96
2155,Hitachi,EX15U,230x31x96
2156,Hitachi,EX16,230x31x96
2157,Hitachi,"EX12 (NEW)",230x31x96
2158,Hitachi,SH15-2,230x31x96
2159,Hitachi,ZX14-3,230x31x96
2160,Hitachi,EX16-2,230x33x96
2161,Hitachi,EX17,230x33x96
2162,Hitachi,EX17-2,230x33x96
2163,Hitachi,EX17-2B,230x33x96
2164,Hitachi,HE15,230x33x96
2165,Hitachi,HE15,230x33x96
2166,Hitachi,16,230x33x96
2167,Hitachi,18,230x33x96
2168,Hitachi,ME15,230x33x96
2169,Hitachi,ZX16,230x33x96
2170,Hitachi,ZX16YLR,230x33x96
2171,Hitachi,ZX18,230x33x96
2172,Hitachi,"Zaxis 16",230x33x96
2173,Hitachi,"Zaxis 18",230x33x96
2174,Hitachi,EX15UR,230x35x96
2175,Hitachi,EX17U,230x35x96
2176,Hitachi,ZX17U-2YLR,230x35x96
2177,Hitachi,EX20U,250x41x96
2178,Hitachi,EX20U-1,250x41x96
2179,Hitachi,ZX16-3,230x66x48
2180,Hitachi,ZX17U-2,230x70x48
2181,Hitachi,ZX17U-5,230x70x48
2182,Hitachi,ZX18-3,230x70x48
2183,Hitachi,ZX19U-5,230x70x48
2184,Hitachi,25,250x73x52.5N
2185,Hitachi,EX18-2,250x73x52.5N
2186,Hitachi,EX20-2,250x73x52.5N
2187,Hitachi,EX21,250x73x52.5N
2188,Hitachi,EX22,250x73x52.5N
2189,Hitachi,EX22-1,250x73x52.5N
2190,Hitachi,EX22-2,250x73x52.5N
2191,Hitachi,ZX25,250x73x52.5N
2192,Hitachi,ZX25CLR,250x73x52.5N
2193,Hitachi,EX20U-3,250x76x52.5N
2194,Hitachi,EX20UR,250x76x52.5N
2195,Hitachi,EX20UR-1,250x76x52.5N
2196,Hitachi,EX20UR-3,250x77x52.5N
2197,Hitachi,ZX22U,250x77x52.5N
2198,Hitachi,ZX22U-2,250x77x52.5N
2199,Hitachi,EX24U,300x76x52.5N
2200,Hitachi,"EX30UR (76L)",300x76x52.5N
2201,Hitachi,EX25-2,300x77x52.5N
2202,Hitachi,EX25U,300x78x52.5N
2203,Hitachi,EX27U,300x78x52.5N
2204,Hitachi,EX29U,300x78x52.5N
2205,Hitachi,EX29UR,300x78x52.5N
2206,Hitachi,ZX27U,300x78x52.5N
2207,Hitachi,ZX26U-5,300x80x52.5N
2208,Hitachi,ZX27U-2,300x80x52.5N
2209,Hitachi,ZX27U-3,300x80x52.5N
2210,Hitachi,ZX29U,300x80x52.5N
2211,Hitachi,30,300x82x52.5N
2212,Hitachi,35,300x82x52.5N
2213,Hitachi,ZX30,300x82x52.5N
2214,Hitachi,ZX35,300x82x52.5N
2215,Hitachi,EX30UR-3,300x82x52.5N
2216,Hitachi,EX32U,300x82x52.5N
2217,Hitachi,EX33Mu,300x82x52.5N
2218,Hitachi,EX35-2,300x82x52.5N
2219,Hitachi,EX36U,300x82x52.5N
2220,Hitachi,EX30-2,300x82x52.5N
2221,Hitachi,"EX30UR (82L)",300x82x52.5N
2222,Hitachi,"EX30(Check Size)",300x82x52.5N
2223,Hitachi,UE30,300x84x52.5
2224,Hitachi,30U,300x86x52.5N
2225,Hitachi,35U,300x86x52.5N
2226,Hitachi,ZX30U,300x86x52.5N
2227,Hitachi,ZX30U-2,300x86x52.5N
2228,Hitachi,ZX30U-3F,300x86x52.5N
2229,Hitachi,ZX33U,300x86x52.5N
2230,Hitachi,ZX33U-3,300x86x52.5N
2231,Hitachi,ZX33U-5,300x86x52.5N
2232,Hitachi,ZX35U-2,300x86x52.5N
2233,Hitachi,ZX35U-3,300x86x52.5N
2234,Hitachi,ZX35U-5,300x86x52.5N
2235,Hitachi,ZX38U,300x86x52.5N
2236,Hitachi,ZX38U-3,300x86x52.5N
2237,Hitachi,ZX38U-5,300x86x52.5N
2238,Hitachi,EX35U,300x86x52.5N
2239,Hitachi,EX25,300x74x55N
2240,Hitachi,EX25-1,300x74x55N
2241,Hitachi,EX30UR-1,300x74x55N
2242,Hitachi,EX30UR-2,300x74x55N
2243,Hitachi,"EX30(Check Size)",300x80x55
2244,Hitachi,EX30-1,300x80x55N
2245,Hitachi,EX30U,300x80x55
2246,Hitachi,EX33U,300x80x55
2247,Hitachi,EX33U-3,300x80x55
2248,Hitachi,SH30-2,300x80x55N
2249,Hitachi,EX35,300x82x55N
2250,Hitachi,EX35-1,300x82x55
2251,Hitachi,EX40UR,300x82x55N
2252,Hitachi,EX40UR-1,300x82x55N
2253,Hitachi,EX40UR-2,300x82x55N
2254,Hitachi,EX40URG,300x82x55N
2255,Hitachi,"UE20 (Check Size)",320x38x100
2256,Hitachi,HM20,320x38x100
2257,Hitachi,HM25,320x40x100
2258,Hitachi,UE25,320x40x100
2259,Hitachi,UE30,320x44x100
2260,Hitachi,"UE20 (Check Size)",300x35x109
2261,Hitachi,EX24,300x35x109
2262,Hitachi,EX26,300x37x109
2263,Hitachi,EX27,300x37x109
2264,Hitachi,EX33,300x41x109
2265,Hitachi,UE35,300x42x109
2266,Hitachi,UE40,350x42x109
2267,Hitachi,40,400x72x72.5W
2268,Hitachi,40U,400x72x72.5W
2269,Hitachi,50,400x72x72.5W
2270,Hitachi,50U,400x72x72.5W
2271,Hitachi,50U-2,400x72x72.5W
2272,Hitachi,55U,400x72x72.5W
2273,Hitachi,EX40,400x72x72.5W
2274,Hitachi,EX40-2,400x72x72.5W
2275,Hitachi,EX40U,400x72x72.5W
2276,Hitachi,EX45,400x72x72.5W
2277,Hitachi,EX45-2,400x72x72.5W
2278,Hitachi,EX50-1,400x37x142
2279,Hitachi,EX50-2,400x72x72.5W
2280,Hitachi,EX50U,400x72x72.5W
2281,Hitachi,EX50UR,400x72x72.5W
2282,Hitachi,EX50UR-2,400x72x72.5W
2283,Hitachi,EX50URG,400x72x72.5W
2284,Hitachi,"EX55 (Check Size)",400x72x72.5W
2285,Hitachi,EX55UR,400x72x72.5W
2286,Hitachi,EX55UR-2,400x72x72.5W
2287,Hitachi,EX55UR-3,400x72x72.5W
2288,Hitachi,EX55URG,400x37x142
2289,Hitachi,SH40-2,400x72x72.5W
2290,Hitachi,SH45-2,400x72x72.5W
2291,Hitachi,UE45,400x72x72.5W
2292,Hitachi,UE50,400x72x72.5W
2293,Hitachi,ZX40,400x72x72.5W
2294,Hitachi,ZX40U,400x72x72.5W
2295,Hitachi,ZX50,400x72x72.5W
2296,Hitachi,ZX50U,400x72x72.5W
2297,Hitachi,ZX55U,400x72x72.5W
2298,Hitachi,EX58,400x74x72.5W
2299,Hitachi,EX58Mu,400x74x72.5W
2300,Hitachi,ZX40U-2,400x74x72.5W
2301,Hitachi,ZX40U-3,400x74x72.5W
2302,Hitachi,ZX50U-5,400x74x72.5W
2303,Hitachi,ZX55U-5,400x74x72.5W
2304,Hitachi,ZX60U-3,400x74x72.5W
2305,Hitachi,ZX60U-5,400x74x72.5W
2306,Hitachi,ZX60USB,400x74x72.5W
2307,Hitachi,ZX60USB-3,400x74x72.5W
2308,Hitachi,ZX65U-5,400x74x72.5W
2309,Hitachi,"EX55 (Check Size)",400x39x142
2310,Hitachi,ZX48U-3,400x74x72.5N
2311,Hitachi,ZX48U-5,400x74x72.5N
2312,Hitachi,ZX50U,400x74x72.5N
2313,Hitachi,ZX50U-2,400x74x72.5N
2314,Hitachi,ZX50U-3,400x74x72.5N
2315,Hitachi,ZX50U-5,400x74x72.5N
2316,Hitachi,ZX52U,400x74x72.5N
2317,Hitachi,70,450x78x81N
2318,Hitachi,80,450x78x81N
2319,Hitachi,85,450x78x81N
2320,Hitachi,EX60LC,450x78x81N
2321,Hitachi,EX60LC-5,450x78x81N
2322,Hitachi,EX70U,450x78x81N
2323,Hitachi,"EX75UR-3 (Check Size)",450x78x81N
2324,Hitachi,EX75UR-5,450x78x81N
2325,Hitachi,EX75US,450x78x81N
2326,Hitachi,EX75US-7,450x78x81N
2327,Hitachi,ZX70LC,450x78x81N
2328,Hitachi,ZX80LC,450x78x81N
2329,Hitachi,ZX85,450x78x81N
2330,Hitachi,ZX85US,450x78x81N
2331,Hitachi,ZX85US-3,450x78x81N
2332,Hitachi,ZX85US-5A,450x78x81N
2333,Hitachi,EX60URG,450x72x81W
2334,Hitachi,EX60-2,450x72x81W
2335,Hitachi,EX60-3A,450x72x81W
2336,Hitachi,EX60LC-2,450x76x81W
2337,Hitachi,EX60URG-2,450x76x81W
2338,Hitachi,EX75-2,450x76x81W
2339,Hitachi,EX75UR,450x76x81W
2340,Hitachi,EX75UR-2,450x76x81W
2341,Hitachi,"EX75UR-3 (Check Size)",450x76x81W
2342,Hitachi,EX60,450x36x163
2343,Hitachi,EX60UR,450x36x163
2344,Hitachi,EX60-1,450x36x163
2345,Hitachi,EX60-3,450x36x163
2346,Hitachi,EX60LC-3,450x38x163
2347,Hitachi,EX80U,450x76x81.5
2348,Hitachi,ZX75US,450x76x81.5
2349,Hitachi,EX100,500x78x92
2350,Hitachi,EX100-1,500x78x92
2351,Hitachi,EX100-2,500x78x92
2352,Hitachi,EX100-3,500x78x92
2353,Hitachi,EX100-5,500x78x92
2354,Hitachi,EX105,500x78x92
2355,Hitachi,EX120-2,500x84x92
2356,Hitachi,EX120-5,500x84x92
2357,Hitachi,EX135U,500x84x92
2358,Hitachi,EX135UR,500x84x92
2359,Hitachi,EX135VR,500x84x92
2360,Hitachi,EX138UU,500x84x92
2361,Hitachi,ZX135,500x84x92
2362,IHI,IC-45-2,600x80x100
2363,IHI,IC-75,700x98x100
2364,IHI,IC-120,750x66x150
2365,IHI,4J,180x33x72
2366,IHI,IS4F,180x33x72
2367,IHI,IS4FG,180x33x72
2368,IHI,IS4FX,180x33x72
2369,IHI,IS4GX,180x33x72
2370,IHI,IS4GX-3,180x33x72
2371,IHI,IS4J,180x33x72
2372,IHI,9NX,180x37x72
2373,IHI,9VX,180x37x72
2374,IHI,IS07,180x37x72
2375,IHI,7GX,180x37x72
2376,IHI,7J,180x37x72
2377,IHI,7JE,180x37x72
2378,IHI,IS7F,180x37x72
2379,IHI,IS7FX,180x37x72
2380,IHI,IS7GX,180x37x72
2381,IHI,IS7GX-2,180x37x72
2382,IHI,IS7GX-3,180x37x72
2383,IHI,IS7J,180x37x72
2384,IHI,IS7P,180x37x72
2385,IHI,12VXE,200x40x72
2386,IHI,IS9UX,230x41x72
2387,IHI,IS10,230x43x72
2388,IHI,IS10C,230x43x72
2389,IHI,IS10F,230x43x72
2390,IHI,IS10FX,230x43x72
2391,IHI,IS10G,230x43x72
2392,IHI,IS10GX,230x43x72
2393,IHI,IS10S,230x43x72
2394,IHI,IS11X,230x43x72
2395,IHI,IS12,230x43x72
2396,IHI,IS12C,230x43x72
2397,IHI,IS12G,230x43x72
2398,IHI,IS12GX,230x43x72
2399,IHI,IS12S,230x43x72
2400,IHI,IS14,230x43x72
2401,IHI,IS14G,230x43x72
2402,IHI,IS14GX,230x43x72
2403,IHI,IS14GX-2,230x43x72
2404,IHI,IS14GX-3,230x43x72
2405,IHI,IS14PX,230x43x72
2406,IHI,10Z,230x47x72
2407,IHI,12J,230x47x72
2408,IHI,12JX,230x47x72
2409,IHI,12NX,230x47x72
2410,IHI,IS9UX-2,230x47x72
2411,IHI,IS9UX-3,230x47x72
2412,IHI,IS12JX,230x47x72
2413,IHI,IS12NX,230x47x72
2414,IHI,IS10Z,230x47x72
2415,IHI,MC15,230x52x72
2416,IHI,14NXT,230x32x96
2417,IHI,15J,230x32x96
2418,IHI,16N,230x32x96
2419,IHI,17J,230x32x96
2420,IHI,17JE,230x32x96
2421,IHI,17NE,230x32x96
2422,IHI,IS15J,230x32x96
2423,IHI,IS17J,230x32x96
2424,IHI,IS17JE,230x32x96
2425,IHI,IS18J,230x35x96
2426,IHI,15NX,230x35x96
2427,IHI,16NXT,230x35x96
2428,IHI,17VXE,230x35x96
2429,IHI,18J,230x35x96
2430,IHI,18N,230x35x96
2431,IHI,18NXT,230x35x96
2432,IHI,19VXT,230x35x96
2433,IHI,20JX,250x40x96
2434,IHI,20NX,250x40x96
2435,IHI,20NX-2,250x40x96
2436,IHI,20Z,250x40x96
2437,IHI,IS18UJ,250x40x96
2438,IHI,IS20JX,250x40x96
2439,IHI,25J,300x72x52.5W
2440,IHI,IS25G,300x72x52.5W
2441,IHI,IS25GX,300x72x52.5W
2442,IHI,IS25J,300x72x52.5W
2443,IHI,25JX,300x76x52.5W
2444,IHI,28J,300x76x52.5W
2445,IHI,IS25JX,300x76x52.5W
2446,IHI,IS25NX,300x76x52.5W
2447,IHI,IS28G,300x76x52.5W
2448,IHI,IS28G3,300x76x52.5W
2449,IHI,IS28GX,300x76x52.5W
2450,IHI,IS28J,300x76x52.5W
2451,IHI,IS28JX,300x76x52.5W
2452,IHI,IS28PX,300x76x52.5W
2453,IHI,25NX,300x78x52.5W
2454,IHI,25VX,300x78x52.5W
2455,IHI,28N,300x78x52.5W
2456,IHI,28N-2,300x78x52.5W
2457,IHI,28N-3,300x78x52.5W
2458,IHI,30J,300x80x52.5W
2459,IHI,30UJ,300x80x52.5W
2460,IHI,30Z,300x80x52.5W
2461,IHI,IS28UX,300x80x52.5W
2462,IHI,IS28UX-2,300x80x52.5W
2463,IHI,IS30G,300x80x52.5W
2464,IHI,IS30GX,300x80x52.5W
2465,IHI,IS30GX-2,300x80x52.5W
2466,IHI,IS30GX-3,300x80x52.5W
2467,IHI,IS30J,300x80x52.5W
2468,IHI,IS30UJ,300x80x52.5W
2469,IHI,IS30UJ-2,300x80x52.5W
2470,IHI,IS30Z,300x80x52.5W
2471,IHI,30JX,300x84x52.5W
2472,IHI,30NX,300x84x52.5W
2473,IHI,30UX,300x84x52.5W
2474,IHI,32J,300x84x52.5W
2475,IHI,35J,300x84x52.5W
2476,IHI,35N,300x84x52.5W
2477,IHI,IS30JX,300x84x52.5W
2478,IHI,IS30NX,300x84x52.5W
2479,IHI,IS32J,300x84x52.5W
2480,IHI,IS35G,300x84x52.5W
2481,IHI,IS35G-1,300x84x52.5W
2482,IHI,IS35G-2,300x84x52.5W
2483,IHI,IS35GX,300x84x52.5W
2484,IHI,IS35GX-1,300x84x52.5W
2485,IHI,IS35GX-2,300x84x52.5W
2486,IHI,IS35GX-3,300x84x52.5W
2487,IHI,IS35J,300x84x52.5W
2488,IHI,35FX,300x90x52.5W
2489,IHI,35JX,300x90x52.5W
2490,IHI,35NX,300x90x52.5W
2491,IHI,35NX-2,300x90x52.5W
2492,IHI,35UJ,300x90x52.5W
2493,IHI,38UJ,300x90x52.5W
2494,IHI,IS35JX,300x90x52.5W
2495,IHI,IS35NX,300x90x52.5W
2496,IHI,IS35UJ,300x90x52.5W
2497,IHI,IS38UJ,300x90x52.5W
2498,IHI,IS40UJ,300x90x52.5W
2499,IHI,IS40Z,300x90x52.5W
2500,IHI,40Z,300x90x52.5W
2501,IHI,30NX-2,300x82x55W
2502,IHI,30VX,300x82x55W
2503,IHI,IS30NX-2,300x82x55W
2504,IHI,35VX,300x88x55W
2505,IHI,IS20LX,300x37x109
2506,IHI,IS27,300x37x109
2507,IHI,IS27G,300x37x109
2508,IHI,IS27GX,300x37x109
2509,IHI,IS28,300x37x109
2510,IHI,IS28LX,300x37x109
2511,IHI,IS22UX,300x39x109
2512,IHI,22UX,300x39x109W
2513,IHI,28UX,300x39x109W
2514,IHI,IS38UX,300x39x109
2515,IHI,IS25,320x38x100
2516,IHI,IS25,320x38x100
2517,IHI,IS25S,320x38x100
2518,IHI,IS25S-2,320x38x100
2519,IHI,IS27F,320x40x100
2520,IHI,IS27FX,320x40x100
2521,IHI,IS27R,320x40x100
2522,IHI,38N,350x84x52.5
2523,IHI,T840,350x42x108
2524,IHI,40G-1,400x70x73
2525,IHI,40J,400x70x73
2526,IHI,40JX,400x70x73
2527,IHI,IS40J,400x70x73
2528,IHI,45J,400x72x73
2529,IHI,45J-2,400x72x73
2530,IHI,45UJ,400x72x73
2531,IHI,45UJ-2,400x72x73
2532,IHI,IS45J,400x72x73
2533,IHI,IS40JX,400x72x73
2534,IHI,IS45UJ,400x72x73
2535,IHI,IS55U-2,400x72x73
2536,IHI,IS55U-1,400x72x73
2537,IHI,40NX,400x70x73
2538,IHI,IS40G,400x70x73
2539,IHI,IS40GX,400x70x73
2540,IHI,IS40GX-2,400x70x73
2541,IHI,IS40GX-3,400x70x73
2542,IHI,40GX-2,400x72x72.5W
2543,IHI,45N,400x72x72.5W
2544,IHI,45NX,400x72x72.5W
2545,IHI,50NX,400x72x72.5W
2546,IHI,IS40NX,400x72x73
2547,IHI,IS45NX,400x72x73
2548,IHI,45V4,400x74x72.5W
2549,IHI,50J,400x74x73
2550,IHI,50UX,400x74x73
2551,IHI,50VX,400x74x72.5W
2552,IHI,50Z,400x74x73
2553,IHI,55J,400x74x73
2554,IHI,55J-2,400x74x73
2555,IHI,55N,400x74x73
2556,IHI,55UJ,400x74x73
2557,IHI,55UX,400x74x73
2558,IHI,55V4,400x74x72.5W
2559,IHI,55VX,400x74x72.5W
2560,IHI,55VX-3,400x74x72.5W
2561,IHI,60V4,400x74x72.5W
2562,IHI,IS50G,400x74x73
2563,IHI,IS50G3,400x74x73
2564,IHI,IS50GX,400x74x73
2565,IHI,IS50UJ,400x74x73
2566,IHI,IS50UX,400x74x73
2567,IHI,IS50Z,400x74x73
2568,IHI,IS55,400x74x73
2569,IHI,IS55G,400x74x73
2570,IHI,IS55G3,400x74x73
2571,IHI,IS55J,400x74x73
2572,IHI,IS55LX,400x74x73
2573,IHI,IS55N,400x74x73
2574,IHI,IS55UJ,400x74x73
2575,IHI,IS55UX,400x74x74
2576,IHI,65NX,400x82x73
2577,IHI,65UX,400x82x73
2578,IHI,65VX,400x82x73
2579,IHI,65VX-2,400x82x73
2580,IHI,65UJ,450x82x71
2581,IHI,70Z,450x82x71
2582,IHI,75NX,450x82x71
2583,IHI,75UJ,450x82x71
2584,IHI,80NX,450x82x71
2585,IHI,80NX-3,450x82x71
2586,IHI,80VX,450x82x71
2587,IHI,80VX-3,450x82x71
2588,IHI,IS65UJ,450x82x71
2589,IHI,IS65UJ3,450x82x71
2590,IHI,IS70Z,450x82x71
2591,IHI,IS75F,450x40x145
2592,IHI,IS75UJ,450x80x73
2593,IHI,IS80NX,450x80x73
2594,"JP Carlton",SP7015,230x42x96
2595,Kubota,SVL65-2,380x52x86
2596,Kubota,SVL75,385x52x86
2597,Kubota,SVL90C,450x58x86
2598,Kubota,SCL1000,250x43x72?
2599,Kubota,"KC40 (Dumper)",180x34x60
2600,Kubota,K007,180x36x72
2601,Kubota,KX007,180x36x72
2602,Kubota,"KH007 (36L)",180x36x72
2603,Kubota,KH21,180x36x72
2604,Kubota,"KH007 (37L)",180x37x72
2605,Kubota,KH07,180x37x72
2606,Kubota,U-008,180x37x72
2607,Kubota,U-10,180x40x72
2608,Kubota,U-10-3,180x40x72
2609,Kubota,"KC50 (Dumper)",200x34x72
2610,Kubota,"KC50 (Dumper)",200x39x72
2611,Kubota,KC51,200x39x72
2612,Kubota,"KC70 (Dumper)",200x39x72
2613,Kubota,"KC50LZ (Dumper)",200x39x72
2614,Kubota,"KH012 (Old)",200x42x72
2615,Kubota,KH012G,200x42x72
2616,Kubota,KH012HG,200x42x72
2617,Kubota,KH05,200x42x72
2618,Kubota,KH28,200x42x72
2619,Kubota,KH31,200x42x72
2620,Kubota,KH35,200x42x72
2621,Kubota,KH36,200x42x72
2622,Kubota,KH37,200x42x72
2623,Kubota,KH5HC,200x42x72
2624,Kubota,KH12,200x42x72
2625,Kubota,KH38,200x42x72
2626,Kubota,KH014,230x42x72
2627,Kubota,KH014G,230x42x72
2628,Kubota,KH041,230x42x72
2629,Kubota,KH120,230x42x72
2630,Kubota,"KH41 (72P)",230x42x72
2631,Kubota,KH41R,230x42x72
2632,Kubota,"KH50 (72P)",230x42x72
2633,Kubota,"KH55 (230x42x72)",230x42x72
2634,Kubota,KH55G,230x42x72
2635,Kubota,KH55R,230x42x72
2636,Kubota,KH55S,230x42x72
2637,Kubota,KH55X,230x42x72
2638,Kubota,KH14,230x42x72
2639,Kubota,KH14G,230x42x72
2640,Kubota,"KC120 Dumper",230x46x72
2641,Kubota,KC140,250x45x72
2642,Kubota,"KC120 (Dumper)",250x45x72
2643,Kubota,"KC50 (Dumper)",250x46x72
2644,Kubota,"KC110H (Dumper)",250x48x72
2645,Kubota,"KC110H Dumper",250x48x72
2646,Kubota,"KC110HR Dumpber",250x48x72
2647,Kubota,"KC100H Dumper",250x50x72
2648,Kubota,"KC120H Dumper",250x50x72
2649,Kubota,K013,200x30x96
2650,Kubota,K015,200x30x96
2651,Kubota,KN36,200x30x96
2652,Kubota,KX12,200x30x96
2653,Kubota,"KH012 (New)",230x30x96
2654,Kubota,"KH41 (96P)",230x30x96
2655,Kubota,"KH50 (96P)",230x30x96
2656,Kubota,KX012,230x30x96
2657,Kubota,KX041,230x30x96
2658,Kubota,KX014,230x30x96
2659,Kubota,KX41,230x30x96
2660,Kubota,KX41-2,230x30x96
2661,Kubota,KX41HG,230x30x96
2662,Kubota,KX41L,230x30x96
2663,Kubota,KX015-4,230x32x96
2664,Kubota,KX016-4,230x32x96
2665,Kubota,KX41-2S,230x32x96
2666,Kubota,KX41-2SC,230x32x96
2667,Kubota,KX41-3S,230x32x96
2668,Kubota,KX41-3SGL,230x32x96
2669,Kubota,"KX41-3V (2009)",230x35x96
2670,Kubota,KX41-2SV,230x35x96
2671,Kubota,KX41-2V,230x35x96
2672,Kubota,KX41-2VC,230x35x96
2673,Kubota,"KX41-3 (S/N:20972)",230x35x96
2674,Kubota,KX41-3VGL,230x35x96
2675,Kubota,U-15,230x35x96
2676,Kubota,U-15-3,230x35x96
2677,Kubota,U-20,250x41x96
2678,Kubota,KX018-4,230x70x48
2679,Kubota,"KX41-3 (S/N:30001)",230x70x48
2680,Kubota,"KX41-3V (2010 and Up)",230x70x48
2681,Kubota,U-17,230x70x48
2682,Kubota,U-17-3,230x70x48
2683,Kubota,U-20-3,250x84x47
2684,Kubota,U-20-3V,250x84x47
2685,Kubota,U-20-3VHG,250x84x47
2686,Kubota,RX202,250x41xx96K
2687,Kubota,KH021,250x35x109
2688,Kubota,"KH55 ",250x35x109
2689,Kubota,KN51,250x35x109
2690,Kubota,KX51,250x35x109
2691,Kubota,KX61,250x35x109
2692,Kubota,KX021,250x35x109
2693,Kubota,KX024,250x35x109
2694,Kubota,KX61,250x35x109
2695,Kubota,KH021HG,250x35x109
2696,Kubota,KH51,250x35x109
2697,Kubota,KH52,250x35x109
2698,Kubota,RX201,250x37x109
2699,Kubota,K020,250x37x109
2700,Kubota,K022,250x37x109
2701,Kubota,KX021,250x37x109
2702,Kubota,KX021UR,250x37x109
2703,Kubota,KX61-2,250x37x109
2704,Kubota,KX61-2S,250x37x109
2705,Kubota,U-30,300x84x52.5W
2706,Kubota,U-30-1,300x84x52.5W
2707,Kubota,U-30-2,300x84x52.5W
2708,Kubota,U-30HG,300x84x52.5W
2709,Kubota,U-35,300x84x52.5W
2710,Kubota,U-35-3HG,300x84x52.5W
2711,Kubota,U-35HG,300x84x52.5W
2712,Kubota,UX30,300x84x52.5W
2713,Kubota,RX302,300x84x52.5W
2714,Kubota,U-30-5S,300x84x52.5K
2715,Kubota,U-30-6S,300x84x52.5K
2716,Kubota,KH024,300x35x109N
2717,Kubota,KH026,300x35x109N
2718,Kubota,KH026G,300x35x109N
2719,Kubota,KH121,300x35x109N
2720,Kubota,"KH60 (Check links)",300x35x109N
2721,Kubota,"KH66 (Check links)",300x35x109N
2722,Kubota,"KH71 (Check links)",300x35x109N
2723,Kubota,KX026,300x35x109N
2724,Kubota,KX71,300x35x109N
2725,Kubota,KH61,300x35x109N
2726,Kubota,K025,300x37x109N
2727,Kubota,KH02,300x37x109N
2728,Kubota,KH024,300x37x109N
2729,Kubota,KH026,300x37x109N
2730,Kubota,KH027,300x37x109N
2731,Kubota,KH02HG,300x37x109N
2732,Kubota,KH24HG,300x37x109N
2733,Kubota,"KH60 (Check links)",300x37x109N
2734,Kubota,KH65,300x37x109N
2735,Kubota,"KH66 (Check links)",300x37x109N
2736,Kubota,"KH70 (Check links)",300x37x109N
2737,Kubota,"KH71 (37L)",300x37x109N
2738,Kubota,KX027,300x37x109N
2739,Kubota,KH027G,300x37x109N
2740,Kubota,KH060,300x37x109N
2741,Kubota,KH24,300x37x109N
2742,Kubota,KH26HG,300x37x109N
2743,Kubota,K028,300x39x109N
2744,Kubota,K030,300x39x109N
2745,Kubota,KH030,300x39x109N
2746,Kubota,KH030G,300x39x109N
2747,Kubota,KH030HG,300x39x109N
2748,Kubota,"KH033(Check links)",300x39x109N
2749,Kubota,"KH033HG(Check links)",300x39x109N
2750,Kubota,"KH70 (Check links)",300x39x109N
2751,Kubota,KH91,300x39x109N
2752,Kubota,"KX030(Check links)          ",300x39x109N
2753,Kubota,"KX033(Check links)",300x39x109N
2754,Kubota,KX71-2,300x39x109N
2755,Kubota,KX91-2,300x39x109N
2756,Kubota,KX91-2S,300x39x109N
2757,Kubota,KX91-2SR,300x39x109N
2758,Kubota,"KH033(Check links)",300x41x109W
2759,Kubota,"KH033HG(Check links)",300x41x109W
2760,Kubota,KH101,300x41x109W
2761,Kubota,KH90,300x41x109W
2762,Kubota,KH090,300x41x109W
2763,Kubota,"KX030(Check links)   ",300x41x109W
2764,Kubota,"KX033(Check links)",300x41x109W
2765,Kubota,KX90,300x41x109W
2766,Kubota,KX101,300x41x109W
2767,Kubota,RX301,300x41x109W
2768,Kubota,RX301UR,300x41x109W
2769,Kubota,RX303,300x41x109W
2770,Kubota,KX027-4,300x80x53
2771,Kubota,KX030-4,300x80x53
2772,Kubota,KX61-3,300x80x53
2773,Kubota,KX71-3,300x80x53
2774,Kubota,KX71-3GL,300x80x53
2775,Kubota,KX91-3,300x80x53
2776,Kubota,U-25-3,300x80x53
2777,Kubota,U-25-3G,300x80x53
2778,Kubota,U-25-3GL,300x80x53
2779,Kubota,U-27-4,300x80x53
2780,Kubota,K035-3,300x84x53
2781,Kubota,KX033-4,300x84x53
2782,Kubota,KX037-4,300x84x53
2783,Kubota,KX101-3,300x84x53
2784,Kubota,U-30-3,300x84x53
2785,Kubota,U-35,300x84x52.5W
2786,Kubota,U-35-3,300x84x53
2787,Kubota,U-35-3G,300x84x53
2788,Kubota,U-35-4,300x84x53
2789,Kubota,U-36-4,300x84x53
2790,Kubota,"KH26SR (40L)",320x40x100
2791,Kubota,"KH30SR (40L)",320x40x100
2792,Kubota,KH30SRG,320x40x100
2793,Kubota,"KH26SR (43L)",320x43x100
2794,Kubota,"KH30SR (43L)",320x43x100
2795,Kubota,KX040-4,350x86x54.5
2796,Kubota,KX042-4,350x86x54.5
2797,Kubota,KX121-3,350x86x54.5
2798,Kubota,K038,350x84x56
2799,Kubota,KX121-2,350x84x56
2800,Kubota,KX121-2S,350x84x56
2801,Kubota,KH045,400x37x142
2802,Kubota,KX040,400x37x142
2803,Kubota,KX045,400x37x142
2804,Kubota,KX151,400x37x142
2805,Kubota,KH040,400x37x142
2806,Kubota,KH151,400x37x142
2807,Kubota,KH055,400x39x142
2808,Kubota,KH130,400x36x146
2809,Kubota,"KH52SR (400x36x146)",400x36x146
2810,Kubota,K040,400x72x72.5W
2811,Kubota,K045,400x72x72.5W
2812,Kubota,K151,400x72x72.5W
2813,Kubota,KX161-2,400x72x72.5W
2814,Kubota,KX161-2S,400x72x72.5W
2815,Kubota,KX161-2SR,400x72x72.5W
2816,Kubota,U-45,400x72x72.5W
2817,Kubota,U-45G,400x72x72.5W
2818,Kubota,U-45VA,400x72x72.5W
2819,Kubota,KH055N,400x76x72.5W
2820,Kubota,RX502,400x74x72.5W
2821,Kubota,RX502VA,400x74x72.5W
2822,Kubota,RX501,400x38x142W
2823,Kubota,KX161-3,400x74x72.5WK
2824,Kubota,KX161-3CX,400x74x72.5WK
2825,Kubota,U55,400x74x72.5WK
2826,Kubota,U55-4,400x74x72.5WK
2827,Kubota,U55-4S,400x74x72.5WK
2828,Kubota,KX057-4,400x74x72.5WK
2829,Kubota,U-48-4,400x74x72.5WK
2830,Kubota,U-50-3,400x74x72.5WK
2831,Kubota,U-55,400x74x72.5WK
2832,Kubota,U-55-4,400x74x72.5WK
2833,Kubota,U-55-4S,400x74x72.5WK
2834,Kubota,U-40,400x74x72.5WK
2835,Kubota,U-45-3,400x74x72.5WK
2836,Kubota,"KH50SR (52L)",420x52x100
2837,Kubota,"KH50SR (54L)",420x54x100
2838,Kubota,"KH51SR (52L)",420x52x100
2839,Kubota,"KH51SR (54L)",420x54x100
2840,Kubota,"KH52SR (420x52x100)",420x52x100
2841,Kubota,"KH52SR (420x54x100)",420x54x100
2842,Kubota,KH191(450x78x71),450x78x71
2843,Kubota,KH191(450x72x81),450x72x81
2844,Kubota,KX60-2,450x72x81
2845,Kubota,KX60-3,450x72x81
2846,Kubota,KX75UR,450x76x81N
2847,Kubota,KX80,450x76x81N
2848,Kubota,K080,450x76x81.5
2849,Kubota,KX080,450x76x81.5
2850,Kubota,KX100-5,500x78x92
2851,Kubota,KX120-5,500x84x92
2852,Kubota,RX1300,330x36x79
2853,McElroy,"TracStar 412, 618",180x42x72ETR
2854,McElroy,"TracStar 500 Series II",230x42x72ETR
2855,McElroy,"TracStar 900",300x82x52.5NAV
2856,Morooka,"MST300 (Dumper)",350x53x100
2857,Morooka,"MST300V (Dumper)",350x53x100
2858,Morooka,"MST300VD (Dumper)",350x53x100
2859,Morooka,"MST300VDR (Dumper)",350x53x100
2860,Morooka,MST600V,500x78x90
2861,Morooka,MST600VD,500x78x90
2862,Morooka,MST700,600x76x100
2863,Morooka,MST800,600x80x100
2864,Morooka,MST1100,700x80x100
2865,Morooka,MST1500,700x98x100
2866,Morooka,"MST1500VD Cutting Type",700x98x100
2867,Morooka,MST1700,700x98x100
2868,Morooka,MST1800,650x80x125
2869,Morooka,MST1900,700x98x100
2870,Morooka,MST2000,800x80x125
2871,Morooka,MST2200,750x66x150
2872,Morooka,MST2200V,750x66x150
2873,Morooka,"MST2200VD ",750x66x150
2874,Morooka,MST2300,750x66x150
2875,Morooka,"MST3000 ",800x66x150
2876,Ramrod,1150T,230x39x72
2877,Salsco,RP44-RD,230x53x72EWT
2878,Sany,SY35U,300x84x55
2879,Sany,SY16,230x35x96
2880,Sumitomo,S30UX-1,200x41x72
2881,Sumitomo,"SH 10UJ3",230x47x72
2882,Sumitomo,"SH 18UJ2",230x35x96
2883,Sumitomo,"SH 18UJ2",230x80x48
2884,Sumitomo,"SH 25J",300x72x52.5
2885,Sumitomo,"LS 160 ",400x41x142
2886,Sumitomo,"SH 60",450x42x135
2887,Sumitomo,"SH 75U",450x86x73
2888,Sumitomo,"LMC Trackmaster 75, 85",450x62x90
2889,Sumitomo,"SH 145",500x84x92
2890,Vermeer,RTX100,180x28x60
2891,Vermeer,RTX150,180x28x60
2892,Vermeer,SC30TX,180x32x72
2893,Vermeer,CTX50,180x35x72
2894,Vermeer,RTX250,180x39x72
2895,Vermeer,S400TX,180x39x72
2896,Vermeer,S450TX,180x41x72
2897,Vermeer,S600TX,180x39x72
2898,Vermeer,S650TX,180x41x72
2899,Vermeer,CTX100,180x45x72
2900,Vermeer,CTX160,230x45x72
2901,Vermeer,S725TX,180x45x72
2902,Vermeer,S800TX,230x45x72
2903,Vermeer,S925TX,180x45x72
2904,Vermeer,SC502SP,230x54x72
2905,Vermeer,SC505,230x54x72
2906,Vermeer,SC60TX,230x54x72
2907,Vermeer,SC502SP,230x54x72
2908,Vermeer,SC505,230x54x72
2909,Vermeer,SC60TX,230x54x72
2910,Vermeer,RTX550,320x34x86CHE
2911,Vermeer,RTX750,450x36x86CHE
2912,Vermeer,RTX1250,450x42x86ARB
2913,Vermeer,"D6x6 Navigator",180x39x72ETR
2914,Vermeer,"D8x10 Drill",180x47x72
2915,Vermeer,"D7x11A,D10x15A,D16x20A NAVIGATOR",230x54x72ETR
2916,Vermeer,"D9x13II/13III,10x115",265x52x72SWW
2917,Vermeer,"D16x20II ",250x74x52.5TAV
2918,Vermeer,"D20x20II/20III,D20x22II,D23X30III",300x74x52.5NET
2919,Vermeer,D23x21,300x44x109OKK
2920,Vermeer,"Flextrak 75",450x64x81
2921,"Wacker Neuson",803RD,180x37x72
2922,"Wacker Neuson",1302RD,230x43x72
2923,"Wacker Neuson",1402RD,230x43x72
2924,"Wacker Neuson","DT12 ",180x37x72
2925,"Wacker Neuson",DT15,250x56x72
2926,"Wacker Neuson",ET16,230x33x96
2927,"Wacker Neuson",ET18,230x36x96
2928,"Wacker Neuson",ET20,250x38x96
2929,"Wacker Neuson",ET24,250x37x109W
2930,"Wacker Neuson",EZ26,300x82x52.5W
2931,"Wacker Neuson",EZ28,300x82x52.5W
2932,"Wacker Neuson",EZ36,300x84x53K
2933,"Wacker Neuson",EZ38,300x84x52.5W
2934,"Wacker Neuson",EZ50,400x74x72.5W
2935,"Wacker Neuson",EZ53,400x74x72.5W
2936,"Wacker Neuson",EZ80,450x80x76
2937,"Wacker Neuson",ET24,300x76x52.5W
2938,"Wacker Neuson",ET35,300x84x53K
2939,"Wacker Neuson",ET42,350x86x55
2940,"Wacker Neuson",ET58,400x74x72.5W
2941,"Wacker Neuson",ET65,400x74x72.5WK
2942,"Wacker Neuson",1101CP,450x56x86
2943,"Wacker Neuson",ST31,320x52x86
2944,"Wacker Neuson",ST31,400x52x86
2945,"Wacker Neuson",ST35,450x56x86
2946,"Wacker Neuson",ST45,450x56x86
2947,"Wacker Neuson",ET90,450x80x76
2948,"Wacker Neuson",ET145,500x84x92
2949,"Wacker Neuson",28Z3,300x79x55
2950,"Wacker Neuson",38Z-3,300x41x109
2951,"Wacker Neuson",50Z-3RD,400x74x73
2952,Sheet1,K008,180x37x72ESR
2953,Sheet1,KX018,230x70x48DSK
2954,Sheet1,KX41-3,230x70x48VSO
2955,Sheet1,U17,230x70x48VSO
2956,Sheet1,"KX91-3 & KX71-3",300x80x53KNK
2957,Sheet1,U35,300x84x52.5WNV
2958,Sheet1,CX36B,300x88x52.5WNV
2959,Sheet1,T190,320x49x86BCN
2960,Sheet1,TR270,320x50x86BCN
2961,Sheet1,319E,320x52x86BCN
2962,Sheet1,SVL75,320x52x86BCN
2963,Sheet1,KX040-4,350x86x54.5KDK
2964,Sheet1,KX121-3,350x86x54.5KDK
2965,Sheet1,329E,400x56x86BCN
2966,Sheet1,KX161-3,400x74x72.5KWK
2967,Sheet1,KX057-4,400x74x72.5WNV
2968,Sheet1,U45,400x74x72.5WNV
2969,Sheet1,445CT,450x55x86BCN
2970,Sheet1,T250,450x55x86BCN
2971,Sheet1,TR320,450x55x86BCN
2972,Sheet1,TV380,450x55x86BCN
2973,Sheet1,"SVL90 & SVL95",450x58x86BCN
2974,Sheet1,KX080-3,450x76x81WNV
